627,20120830,20120830-1005-1128,AKRON,170,1005,AKRON,14,1128,UCF,56,422,489,256,180,69,206,4,1,3,2,54,19,27,46,19,18,2,8
627,20120830,20120830-1047-1204,BALL ST.,193,1047,BALL ST.,37,1204,EASTERN MICH.,26,717,434,267,186,329,180,1,1,6,6,41,34,55,33,36,20,7,4
627,20120830,20120830-1077-1754,BYU,167,1077,BYU,30,1754,WASHINGTON ST.,6,490,381,303,229,123,-5,0,2,10,8,37,45,41,16,24,18,6,2
627,20120830,20120830-1164-1400,CONNECTICUT,143,1164,CONNECTICUT,37,1400,MASSACHUSETTS,0,533,176,225,56,147,3,3,1,4,5,27,23,43,24,16,3,7,0
627,20120830,20120830-1465-1428,UNLV,184,1465,UNLV,27,1428,MINNESOTA,30,349,548,116,269,159,209,3,2,7,11,35,30,37,46,18,22,5,6
627,20120830,20120830-1574-1110,RICE,181,1574,RICE,24,1110,UCLA,49,366,748,184,303,174,343,2,2,3,8,30,32,48,37,20,25,4,8
627,20120830,20120830-1736-1648,VANDERBILT,145,1736,VANDERBILT,13,1648,SOUTH CAROLINA,17,392,324,214,67,62,205,1,2,5,6,23,15,36,47,11,17,3,3
627,20120831,20120831-1416-1066,MICHIGAN ST.,168,1416,MICHIGAN ST.,17,1066,BOISE ST.,13,561,374,248,169,213,37,4,2,10,3,38,32,52,24,25,14,3,3
627,20120831,20120831-1490-1694,NEUTRAL,185,1490,NORTH CAROLINA ST.,21,1694,TENNESSEE,35,498,612,288,333,119,191,4,1,4,6,48,41,32,38,22,23,3,6
627,20120831,20120831-1674-1630,STANFORD,153,1674,STANFORD,20,1630,SAN JOSE ST.,17,377,319,125,217,155,70,0,2,1,7,26,35,41,27,18,15,4,3
627,20120901,20120901-1008-1418,NEUTRAL,148,1008,ALABAMA,41,1418,MICHIGAN,14,538,449,199,200,232,69,1,3,7,8,21,27,42,29,20,11,7,2
627,20120901,20120901-1009-1716,UAB,177,1009,UAB,29,1716,TROY,39,535,504,325,191,134,262,4,2,9,11,34,22,44,45,23,19,5,6
627,20120901,20120901-1029-1709,ARIZONA,213,1029,ARIZONA,24,1709,TOLEDO,17,663,421,387,197,237,161,3,1,7,7,47,47,41,47,33,24,4,3
627,20120901,20120901-1037-1147,NEUTRAL,177,1037,AUBURN,19,1147,CLEMSON,26,412,558,194,208,180,320,2,1,6,6,27,35,37,52,17,28,5,6
627,20120901,20120901-1067-1415,BOSTON COLLEGE,192,1067,BOSTON COLLEGE,32,1415,MIAMI (FL),41,634,603,441,207,96,208,3,1,3,9,51,45,34,34,29,22,6,7
627,20120901,20120901-1107-1466,CALIFORNIA,190,1107,CALIFORNIA,24,1466,NEVADA,31,526,565,251,230,113,220,2,1,7,11,39,32,28,57,21,27,4,5
627,20120901,20120901-1157-1156,NEUTRAL,164,1157,COLORADO,17,1156,COLORADO ST.,22,331,411,187,173,58,125,2,1,7,8,41,21,29,44,17,19,3,5
627,20120901,20120901-1193-1231,DUKE,186,1193,DUKE,46,1231,FIU,26,491,601,301,348,119,165,2,2,9,4,34,46,30,45,16,29,7,4
627,20120901,20120901-1196-1027,EAST CAROLINA,179,1196,EAST CAROLINA,35,1027,APPALACHIAN ST.,13,568,523,242,300,148,119,2,3,2,11,43,40,35,32,25,20,5,3
627,20120901,20120901-1235-1071,FLORIDA,173,1235,FLORIDA,27,1071,BOWLING GREEN,14,490,387,145,226,220,101,1,2,14,3,21,52,42,27,14,22,5,2
627,20120901,20120901-1257-1086,GEORGIA,168,1257,GEORGIA,45,1086,BUFFALO,23,667,422,258,148,227,199,0,0,5,3,27,25,39,45,23,17,7,4
627,20120901,20120901-1288-1670,HOUSTON,171,1288,HOUSTON,13,1670,TEXAS ST.,30,403,574,211,196,115,248,2,1,3,4,44,25,23,52,15,23,3,6
627,20120901,20120901-1301-1774,ILLINOIS,158,1301,ILLINOIS,24,1774,WESTERN MICH.,7,309,329,133,265,115,-6,1,4,5,6,21,47,41,19,13,13,4,1
627,20120901,20120901-1311-1719,IOWA ST.,208,1311,IOWA ST.,38,1719,TULSA,23,513,516,281,198,160,160,1,3,4,6,45,49,45,34,28,16,6,3
627,20120901,20120901-1365-1497,LSU,158,1365,LSU,41,1497,NORTH TEXAS,14,609,293,192,143,316,76,1,2,10,5,26,21,46,35,26,9,7,2
627,20120901,20120901-1463-1664,NEBRASKA,169,1463,NEBRASKA,49,1664,SOUTHERN MISS.,20,771,381,354,75,278,185,0,1,2,4,34,19,45,47,33,20,7,4
627,20120901,20120901-1503-1312,NEUTRAL,158,1503,NORTHERN ILL.,17,1312,IOWA,18,268,342,54,129,147,139,1,0,5,3,16,33,36,49,12,23,3,5
627,20120901,20120901-1518-1414,OHIO ST.,193,1518,OHIO ST.,56,1414,MIAMI (OH),10,609,404,244,313,294,-1,0,3,3,6,33,54,53,20,27,12,8,2
627,20120901,20120901-1529-1030,OREGON,208,1529,OREGON,57,1030,ARKANSAS ST.,34,638,646,308,304,297,226,1,3,8,6,39,44,57,37,34,27,8,6
627,20120901,20120901-1539-1519,PENN ST.,180,1539,PENN ST.,14,1519,OHIO,24,423,544,260,324,92,175,3,0,3,5,48,41,22,47,21,25,2,4
627,20120901,20120901-1646-1706,SOUTH ALA.,155,1646,SOUTH ALA.,31,1706,UTSA,33,468,449,182,215,126,183,4,1,7,11,26,30,37,31,18,16,5,7
627,20120901,20120901-1657-1277,SOUTHERN CALIFORNIA,165,1657,SOUTHERN CALIFORNIA,49,1277,HAWAII,10,650,405,394,208,81,56,1,4,8,9,41,39,23,32,20,19,8,2
627,20120901,20120901-1688-1509,SYRACUSE,200,1688,SYRACUSE,41,1509,NORTHWESTERN,42,698,602,482,213,114,124,3,1,12,7,66,32,29,40,33,21,7,6
627,20120901,20120901-1703-1811,TEXAS,157,1703,TEXAS,37,1811,WYOMING,17,530,392,156,276,280,69,1,2,3,5,28,28,47,30,22,15,6,3
627,20120901,20120901-1704-1522,UTEP,168,1704,UTEP,7,1522,OKLAHOMA,24,387,457,48,222,207,205,0,0,6,7,26,36,36,37,12,19,1,4
627,20120901,20120901-1718-1587,TULANE,149,1718,TULANE,12,1587,RUTGERS,24,378,388,254,158,8,151,1,1,11,9,48,20,16,35,19,16,3,4
627,20120901,20120901-1726-1513,NEUTRAL,150,1726,NAVY,10,1513,NOTRE DAME,50,510,591,192,197,149,293,4,1,2,4,20,23,40,46,19,27,2,8
627,20120901,20120901-1756-1626,WASHINGTON,145,1756,WASHINGTON,21,1626,SAN DIEGO ST.,12,453,437,222,128,106,199,1,3,4,4,35,19,31,40,22,16,3,2
627,20120901,20120901-1768-1388,WEST VIRGINIA,206,1768,WEST VIRGINIA,69,1388,MARSHALL,34,855,761,324,413,331,132,1,2,5,11,39,56,35,45,31,28,10,6
627,20120902,20120902-1051-1663,BAYLOR,192,1051,BAYLOR,59,1663,SMU,24,818,583,393,362,220,145,0,3,10,5,35,63,32,29,26,28,9,4
627,20120902,20120902-1367-1334,LOUISVILLE,162,1367,LOUISVILLE,32,1334,KENTUCKY,14,472,515,247,280,219,93,0,2,6,3,26,51,46,19,26,24,5,2
627,20120903,20120903-1742-1255,VIRGINIA TECH,170,1742,VIRGINIA TECH,20,1255,GEORGIA TECH,17,380,328,230,96,96,192,0,1,3,5,38,16,35,55,19,17,4,3
628,20120906,20120906-1140-1545,CINCINNATI,167,1140,CINCINNATI,34,1545,PITTSBURGH,10,565,528,205,278,259,137,0,2,7,8,28,37,31,42,19,23,6,2
628,20120907,20120907-1731-1732,UTAH ST.,191,1731,UTAH ST.,27,1732,UTAH,20,529,362,216,229,164,96,2,1,12,10,32,39,35,42,16,19,4,4
628,20120908,20120908-1008-1772,ALABAMA,130,1008,ALABAMA,35,1772,WESTERN KY.,0,393,286,225,178,103,46,0,4,1,5,20,31,31,28,17,14,5,0
628,20120908,20120908-1028-1301,ARIZONA ST.,163,1028,ARIZONA ST.,45,1301,ILLINOIS,14,610,417,318,101,192,231,2,3,1,7,29,24,38,50,26,19,7,2
628,20120908,20120908-1029-1521,ARIZONA,217,1029,ARIZONA,59,1521,OKLAHOMA ST.,38,599,787,320,436,181,200,0,4,4,15,41,60,49,32,32,30,10,6
628,20120908,20120908-1030-1404,ARKANSAS ST.,184,1030,ARKANSAS ST.,33,1404,MEMPHIS,28,628,422,302,154,317,139,1,0,4,4,43,24,54,32,33,13,6,4
628,20120908,20120908-1071-1295,BOWLING GREEN,149,1071,BOWLING GREEN,21,1295,IDAHO,13,445,425,283,352,90,6,2,2,12,10,35,38,27,20,18,17,3,3
628,20120908,20120908-1110-1463,UCLA,199,1110,UCLA,36,1463,NEBRASKA,30,757,509,309,179,344,260,1,2,11,7,38,31,56,36,26,20,6,6
628,20120908,20120908-1129-1416,CENTRAL MICH.,158,1129,CENTRAL MICH.,7,1416,MICHIGAN ST.,41,385,606,173,322,72,173,3,1,0,6,38,37,22,41,14,24,1,7
628,20120908,20120908-1147-1047,CLEMSON,183,1147,CLEMSON,52,1047,BALL ST.,27,650,395,372,128,154,252,0,2,7,4,44,29,40,40,28,20,8,5
628,20120908,20120908-1164-1490,CONNECTICUT,159,1164,CONNECTICUT,7,1490,NORTH CAROLINA ST.,10,284,286,204,204,35,54,4,1,5,8,27,30,32,41,11,12,1,2
628,20120908,20120908-1231-1005,FIU,215,1231,FIU,41,1005,AKRON,38,644,534,209,313,232,98,2,1,9,12,30,54,50,34,23,22,7,6
628,20120908,20120908-1288-1366,HOUSTON,250,1288,HOUSTON,49,1366,LOUISIANA TECH,56,744,676,580,353,113,245,2,0,15,11,77,52,38,42,40,38,8,8
628,20120908,20120908-1312-1311,IOWA,172,1312,IOWA,6,1311,IOWA ST.,9,419,433,236,241,68,101,2,4,6,3,42,36,28,41,15,19,2,2
628,20120908,20120908-1327-1415,KANSAS ST.,150,1327,KANSAS ST.,52,1415,MIAMI (FL),13,564,422,210,222,288,40,1,3,2,4,11,28,60,29,27,13,8,3
628,20120908,20120908-1328-1574,KANSAS,164,1328,KANSAS,24,1574,RICE,25,348,504,144,236,195,167,3,3,5,6,28,35,36,41,22,25,4,6
628,20120908,20120908-1334-1331,KENTUCKY,174,1334,KENTUCKY,47,1331,KENT ST.,14,599,537,354,227,185,182,0,1,4,5,39,43,30,37,25,24,7,2
628,20120908,20120908-1365-1756,LSU,159,1365,LSU,41,1756,WASHINGTON,3,506,247,195,157,242,26,1,1,5,11,19,36,52,24,24,12,7,1
628,20120908,20120908-1400-1306,MASSACHUSETTS,191,1400,MASSACHUSETTS,6,1306,INDIANA,45,355,653,186,285,78,321,0,1,9,6,34,37,36,52,14,33,1,7
628,20120908,20120908-1418-1721,MICHIGAN,167,1418,MICHIGAN,31,1721,AIR FORCE,25,512,481,208,127,214,290,1,0,5,5,25,19,31,71,19,26,5,4
628,20120908,20120908-1419-1229,MIDDLE TENN.,150,1419,MIDDLE TENN.,31,1229,FLA. ATLANTIC,17,580,462,178,260,302,96,2,2,7,2,14,32,55,28,24,19,5,3
628,20120908,20120908-1430-1037,MISSISSIPPI ST.,152,1430,MISSISSIPPI ST.,28,1037,AUBURN,10,457,363,222,125,166,91,1,5,5,7,29,22,36,39,23,15,4,2
628,20120908,20120908-1433-1704,MISSISSIPPI,165,1433,MISSISSIPPI,28,1704,UTEP,10,570,410,206,274,332,37,3,1,3,8,23,40,46,30,25,17,4,2
628,20120908,20120908-1434-1257,MISSOURI,187,1434,MISSOURI,20,1257,GEORGIA,41,477,465,269,242,102,113,3,2,7,12,41,35,39,35,18,17,4,7
628,20120908,20120908-1466-1651,NEVADA,203,1466,NEVADA,31,1651,SOUTH FLA.,32,552,598,271,363,278,209,3,1,9,13,38,40,53,35,30,26,5,5
628,20120908,20120908-1498-1031,NEUTRAL,202,1498,LA.-MONROE,34,1031,ARKANSAS,31,590,450,412,281,138,96,1,2,6,9,68,40,35,26,30,21,5,5
628,20120908,20120908-1509-1736,NORTHWESTERN,170,1509,NORTHWESTERN,23,1736,VANDERBILT,13,345,470,133,217,191,101,0,2,5,4,31,33,46,34,23,17,5,3
628,20120908,20120908-1513-1559,NOTRE DAME,172,1513,NOTRE DAME,20,1559,PURDUE,17,493,358,324,198,52,90,1,2,8,8,39,37,36,30,19,14,4,3
628,20120908,20120908-1518-1128,OHIO ST.,161,1518,OHIO ST.,31,1128,UCF,16,475,444,155,249,256,103,3,3,10,6,24,41,51,23,25,16,5,3
628,20120908,20120908-1519-1472,OHIO,170,1519,OHIO,51,1472,NEW MEXICO ST.,24,698,405,291,135,293,71,1,1,10,4,29,27,51,30,28,15,9,4
628,20120908,20120908-1528-1796,OREGON ST.,162,1528,OREGON ST.,10,1796,WISCONSIN,7,363,251,276,172,78,35,0,2,8,3,47,38,30,23,18,13,2,1
628,20120908,20120908-1529-1096,OREGON,199,1529,OREGON,42,1096,FRESNO ST.,25,578,514,166,234,366,131,3,0,8,4,27,47,58,34,27,23,6,6
628,20120908,20120908-1626-1725,SAN DIEGO ST.,158,1626,SAN DIEGO ST.,42,1725,ARMY,7,586,411,215,50,228,282,0,3,6,4,21,9,42,62,21,18,6,1
628,20120908,20120908-1648-1196,SOUTH CAROLINA,168,1648,SOUTH CAROLINA,48,1196,EAST CAROLINA,10,605,501,397,333,131,70,1,5,2,1,40,47,34,24,25,18,7,2
628,20120908,20120908-1670-1700,TEXAS ST.,154,1670,TEXAS ST.,10,1700,TEXAS TECH,58,463,793,141,405,129,186,2,1,8,7,31,44,30,23,16,32,2,10
628,20120908,20120908-1674-1193,STANFORD,174,1674,STANFORD,50,1193,DUKE,13,675,518,281,358,92,27,1,4,5,4,33,63,26,23,18,18,9,3
628,20120908,20120908-1688-1657,NEUTRAL,180,1688,SYRACUSE,29,1657,SOUTHERN CALIFORNIA,42,521,530,322,187,133,258,2,1,5,12,46,30,41,33,27,17,5,6
628,20120908,20120908-1690-1392,TEMPLE,153,1690,TEMPLE,27,1392,MARYLAND,36,374,415,178,190,52,144,3,4,7,3,18,21,39,48,9,19,5,6
628,20120908,20120908-1694-1254,TENNESSEE,182,1694,TENNESSEE,51,1254,GEORGIA STATE,13,732,351,374,176,184,87,2,2,6,4,28,41,43,41,27,22,8,3
628,20120908,20120908-1697-1235,TEXAS A&M,159,1697,TEXAS A&M,17,1235,FLORIDA,20,387,331,200,165,134,142,0,0,9,3,31,17,38,48,21,21,3,4
628,20120908,20120908-1703-1473,TEXAS,146,1703,TEXAS,45,1473,NEW MEXICO,0,483,332,285,35,146,206,0,2,3,8,30,16,31,47,20,16,7,0
628,20120908,20120908-1716-1671,TROY,200,1716,TROY,24,1671,LA.-LAFAYETTE,37,690,483,528,171,60,218,3,0,12,11,75,22,27,40,34,15,4,7
628,20120908,20120908-1719-1718,TULSA,173,1719,TULSA,45,1718,TULANE,10,719,233,287,170,364,7,1,0,4,3,32,29,55,29,31,11,7,2
628,20120908,20120908-1746-1539,VIRGINIA,171,1746,VIRGINIA,17,1539,PENN ST.,16,353,390,263,209,32,121,4,0,10,3,36,43,25,42,14,19,3,3
628,20120908,20120908-1749-1457,WAKE FOREST,187,1749,WAKE FOREST,28,1457,NORTH CAROLINA,27,500,493,362,271,64,157,1,2,8,8,39,40,34,42,24,22,4,5
628,20120908,20120908-1811-1709,WYOMING,182,1811,WYOMING,31,1709,TOLEDO,34,547,588,342,300,184,204,3,0,7,10,32,41,36,44,23,30,6,6
629,20120913,20120913-1651-1587,SOUTH FLA.,174,1651,SOUTH FLA.,13,1587,RUTGERS,23,387,434,242,277,95,147,4,1,4,11,33,43,29,42,16,21,3,5
629,20120914,20120914-1465-1754,UNLV,176,1465,UNLV,27,1754,WASHINGTON ST.,35,524,487,351,378,109,83,1,2,4,12,49,45,33,21,26,18,5,5
629,20120915,20120915-1031-1008,ARKANSAS,149,1031,ARKANSAS,0,1008,ALABAMA,52,159,501,79,213,58,225,5,0,1,7,25,20,37,45,15,22,0,8
629,20120915,20120915-1037-1498,AUBURN,178,1037,AUBURN,31,1498,LA.-MONROE,28,461,454,163,245,255,165,2,0,7,2,19,48,42,41,19,27,5,4
629,20120915,20120915-1066-1414,BOISE ST.,146,1066,BOISE ST.,39,1414,MIAMI (OH),12,629,297,304,178,295,49,2,0,3,1,31,28,45,23,33,9,6,3
629,20120915,20120915-1096-1157,FRESNO ST.,175,1096,FRESNO ST.,69,1157,COLORADO,14,852,458,377,173,288,105,2,4,8,11,29,30,38,41,23,11,10,2
629,20120915,20120915-1110-1288,UCLA,210,1110,UCLA,37,1288,HOUSTON,6,758,409,320,249,247,139,5,6,8,8,42,60,56,19,29,14,7,1
629,20120915,20120915-1128-1231,UCF,159,1128,UCF,33,1231,FIU,20,596,361,261,154,170,152,2,1,5,2,32,29,40,34,21,15,5,3
629,20120915,20120915-1234-1749,FLORIDA ST.,162,1234,FLORIDA ST.,52,1749,WAKE FOREST,0,701,228,227,83,385,43,1,0,5,3,28,24,45,35,27,7,8,0
629,20120915,20120915-1254-1706,GEORGIA STATE,144,1254,GEORGIA STATE,14,1706,UTSA,38,390,583,221,217,86,225,4,0,5,3,25,25,23,54,13,26,2,6
629,20120915,20120915-1255-1746,GEORGIA TECH,151,1255,GEORGIA TECH,56,1746,VIRGINIA,20,636,473,133,199,461,98,1,2,9,6,12,33,50,28,22,14,8,3
629,20120915,20120915-1257-1229,GEORGIA,164,1257,GEORGIA,56,1229,FLA. ATLANTIC,20,829,447,385,183,328,135,4,2,8,4,21,33,42,38,26,15,8,3
629,20120915,20120915-1306-1047,INDIANA,214,1306,INDIANA,39,1047,BALL ST.,41,631,549,423,234,135,206,0,0,12,6,55,45,32,44,28,32,6,7
629,20120915,20120915-1327-1497,KANSAS ST.,135,1327,KANSAS ST.,35,1497,NORTH TEXAS,21,492,440,230,208,143,145,2,1,1,3,20,28,28,40,21,21,5,3
629,20120915,20120915-1328-1698,KANSAS,151,1328,KANSAS,6,1698,TCU,20,460,544,303,335,77,152,2,4,4,4,39,30,26,38,19,21,2,4
629,20120915,20120915-1334-1772,KENTUCKY,176,1334,KENTUCKY,31,1772,WESTERN KY.,32,521,470,332,160,41,168,4,2,5,7,61,22,19,51,28,22,5,5
629,20120915,20120915-1365-1295,LSU,157,1365,LSU,63,1295,IDAHO,14,684,377,222,174,250,39,1,4,8,9,23,36,39,26,21,14,9,2
629,20120915,20120915-1366-1574,LOUISIANA TECH,195,1366,LOUISIANA TECH,56,1574,RICE,37,657,547,276,205,333,272,1,2,16,8,24,34,48,55,30,33,8,6
629,20120915,20120915-1367-1457,LOUISVILLE,154,1367,LOUISVILLE,39,1457,NORTH CAROLINA,34,566,571,279,363,183,47,1,2,6,6,28,41,43,17,27,20,7,5
629,20120915,20120915-1388-1519,MARSHALL,200,1388,MARSHALL,24,1519,OHIO,27,592,590,432,200,59,199,3,1,5,4,65,35,22,52,26,26,4,5
629,20120915,20120915-1392-1164,MARYLAND,149,1392,MARYLAND,21,1164,CONNECTICUT,24,371,373,109,70,96,153,2,1,5,4,24,17,40,40,16,10,3,4
629,20120915,20120915-1404-1419,MEMPHIS,170,1404,MEMPHIS,30,1419,MIDDLE TENN.,48,601,523,325,260,74,179,4,1,7,5,37,31,33,45,23,27,5,8
629,20120915,20120915-1416-1513,MICHIGAN ST.,165,1416,MICHIGAN ST.,3,1513,NOTRE DAME,20,267,348,187,178,50,122,1,0,5,6,45,32,25,34,15,16,1,4
629,20120915,20120915-1418-1400,MICHIGAN,166,1418,MICHIGAN,63,1400,MASSACHUSETTS,13,640,403,291,147,294,112,1,1,5,10,25,30,43,36,27,15,9,3
629,20120915,20120915-1428-1774,MINNESOTA,178,1428,MINNESOTA,28,1774,WESTERN MICH.,23,472,437,217,209,180,165,2,1,9,8,24,44,43,38,19,21,4,4
629,20120915,20120915-1433-1703,MISSISSIPPI,170,1433,MISSISSIPPI,31,1703,TEXAS,66,581,783,229,326,170,350,3,0,5,8,30,24,34,54,19,29,5,10
629,20120915,20120915-1434-1028,MISSOURI,184,1434,MISSOURI,24,1028,ARIZONA ST.,20,512,422,192,183,126,113,1,4,10,7,42,27,46,37,18,18,4,3
629,20120915,20120915-1463-1030,NEBRASKA,165,1463,NEBRASKA,42,1030,ARKANSAS ST.,13,602,419,180,138,347,148,4,2,4,6,14,32,59,37,26,17,6,3
629,20120915,20120915-1490-1646,NORTH CAROLINA ST.,164,1490,NORTH CAROLINA ST.,31,1646,SOUTH ALA.,7,452,360,257,263,127,51,0,3,7,6,34,36,43,23,22,14,5,1
629,20120915,20120915-1509-1067,NORTHWESTERN,188,1509,NORTHWESTERN,22,1067,BOSTON COLLEGE,13,603,419,267,291,293,25,2,1,7,4,40,44,60,21,34,22,6,3
629,20120915,20120915-1518-1107,OHIO ST.,176,1518,OHIO ST.,35,1107,CALIFORNIA,28,494,577,249,288,163,224,1,1,11,4,30,38,33,41,14,22,5,4
629,20120915,20120915-1521-1671,OKLAHOMA ST.,193,1521,OKLAHOMA ST.,65,1671,LA.-LAFAYETTE,24,881,409,412,266,330,110,1,1,5,5,37,42,59,25,39,18,11,4
629,20120915,20120915-1539-1726,PENN ST.,149,1539,PENN ST.,34,1726,NAVY,7,453,420,231,126,110,245,0,4,5,7,21,23,28,60,16,22,5,1
629,20120915,20120915-1545-1742,PITTSBURGH,168,1545,PITTSBURGH,35,1742,VIRGINIA TECH,17,615,504,283,265,254,59,1,4,11,4,28,31,55,26,27,14,5,3
629,20120915,20120915-1559-1204,PURDUE,168,1559,PURDUE,54,1204,EASTERN MICH.,16,608,490,184,144,392,169,2,3,3,3,31,29,42,38,23,15,8,3
629,20120915,20120915-1630-1156,SAN JOSE ST.,168,1630,SAN JOSE ST.,40,1156,COLORADO ST.,20,636,500,429,297,139,89,1,2,4,3,36,42,41,24,29,21,7,3
629,20120915,20120915-1648-1009,SOUTH CAROLINA,166,1648,SOUTH CAROLINA,49,1009,UAB,6,613,330,322,240,179,27,2,1,6,6,27,37,31,42,20,20,7,2
629,20120915,20120915-1663-1697,SMU,194,1663,SMU,3,1697,TEXAS A&M,48,354,741,203,380,106,225,1,0,4,9,49,45,25,42,17,28,1,7
629,20120915,20120915-1664-1196,SOUTHERN MISS.,170,1664,SOUTHERN MISS.,14,1196,EAST CAROLINA,24,345,248,233,171,91,57,3,0,8,4,35,27,43,33,20,13,2,4
629,20120915,20120915-1674-1657,STANFORD,167,1674,STANFORD,21,1657,SOUTHERN CALIFORNIA,14,508,373,215,254,202,26,2,3,10,8,32,41,37,27,22,16,3,2
629,20120915,20120915-1694-1235,TENNESSEE,168,1694,TENNESSEE,20,1235,FLORIDA,37,367,677,257,219,83,336,2,0,9,8,44,20,28,43,19,20,3,7
629,20120915,20120915-1700-1473,TEXAS TECH,163,1700,TEXAS TECH,49,1473,NEW MEXICO,14,760,304,377,43,325,84,1,0,8,4,45,12,45,35,38,8,7,2
629,20120915,20120915-1704-1472,UTEP,188,1704,UTEP,41,1472,NEW MEXICO ST.,28,559,418,310,290,177,112,0,1,12,10,36,47,37,35,27,29,6,4
629,20120915,20120915-1709-1071,TOLEDO,157,1709,TOLEDO,27,1071,BOWLING GREEN,15,487,459,322,216,130,135,1,1,6,4,29,36,39,29,22,19,5,3
629,20120915,20120915-1716-1430,TROY,174,1716,TROY,24,1430,MISSISSIPPI ST.,30,667,551,349,244,223,213,4,0,7,5,47,26,40,35,30,17,4,5
629,20120915,20120915-1725-1503,ARMY,165,1725,ARMY,40,1503,NORTHERN ILL.,41,575,604,8,342,486,173,0,3,5,4,4,27,86,26,30,19,6,6
629,20120915,20120915-1732-1077,UTAH,178,1732,UTAH,24,1077,BYU,21,423,408,196,206,49,106,0,2,10,12,27,37,35,42,14,25,4,3
629,20120915,20120915-1796-1731,WISCONSIN,166,1796,WISCONSIN,16,1731,UTAH ST.,14,375,359,78,181,156,127,1,0,6,7,16,35,45,35,12,13,3,2
630,20120919,20120919-1086-1331,BUFFALO,177,1086,BUFFALO,7,1331,KENT ST.,23,340,437,113,165,168,239,4,1,4,10,26,28,39,53,16,19,1,5
630,20120920,20120920-1066-1077,BOISE ST.,148,1066,BOISE ST.,7,1077,BYU,6,347,231,145,61,116,139,0,5,8,8,26,19,40,39,13,13,1,1
630,20120921,20120921-1498-1051,LA.-MONROE,199,1498,LA.-MONROE,42,1051,BAYLOR,47,644,680,298,380,262,169,3,2,8,6,42,41,43,47,31,32,6,8
630,20120922,20120922-1008-1229,ALABAMA,142,1008,ALABAMA,40,1229,FLA. ATLANTIC,7,617,166,247,34,256,76,1,0,3,4,26,13,47,32,25,6,8,1
630,20120922,20120922-1028-1732,ARIZONA ST.,156,1028,ARIZONA ST.,37,1732,UTAH,7,547,257,372,117,140,92,0,3,8,6,31,16,43,38,24,10,7,1
630,20120922,20120922-1031-1587,ARKANSAS,166,1031,ARKANSAS,26,1587,RUTGERS,35,580,595,419,397,73,128,2,0,7,10,39,35,19,39,17,26,5,5
630,20120922,20120922-1037-1365,AUBURN,151,1037,AUBURN,10,1365,LSU,12,242,374,97,169,86,182,3,2,5,9,22,27,30,44,9,15,2,2
630,20120922,20120922-1047-1651,BALL ST.,168,1047,BALL ST.,31,1651,SOUTH FLA.,27,562,557,244,312,169,206,0,2,5,11,36,30,35,45,27,27,5,5
630,20120922,20120922-1110-1528,UCLA,180,1110,UCLA,20,1528,OREGON ST.,27,490,506,372,379,72,122,0,2,7,9,42,35,28,41,19,25,4,5
630,20120922,20120922-1156-1731,COLORADO ST.,170,1156,COLORADO ST.,19,1731,UTAH ST.,31,350,504,224,178,107,262,0,3,4,5,40,30,34,41,18,24,4,5
630,20120922,20120922-1193-1404,DUKE,160,1193,DUKE,38,1404,MEMPHIS,14,608,287,323,81,177,71,4,0,3,8,40,22,44,28,28,9,6,2
630,20120922,20120922-1231-1367,FIU,149,1231,FIU,21,1367,LOUISVILLE,28,488,399,198,194,128,129,1,2,11,5,26,36,34,31,17,21,3,4
630,20120922,20120922-1234-1147,FLORIDA ST.,185,1234,FLORIDA ST.,49,1147,CLEMSON,37,897,474,380,290,287,136,2,1,11,3,35,39,40,38,27,21,7,6
630,20120922,20120922-1235-1334,FLORIDA,157,1235,FLORIDA,38,1334,KENTUCKY,0,476,307,203,60,200,159,1,3,7,7,27,27,45,32,22,12,6,0
630,20120922,20120922-1255-1415,GEORGIA TECH,179,1255,GEORGIA TECH,36,1415,MIAMI (FL),42,596,728,132,436,287,173,0,2,5,8,8,52,58,32,18,30,5,7
630,20120922,20120922-1257-1736,GEORGIA,167,1257,GEORGIA,48,1736,VANDERBILT,3,625,485,265,231,302,106,0,1,7,11,26,25,47,36,27,15,7,1
630,20120922,20120922-1277-1466,HAWAII,177,1277,HAWAII,24,1466,NEVADA,69,623,781,234,220,144,355,2,0,6,2,40,20,34,56,20,30,4,10
630,20120922,20120922-1295-1811,IDAHO,180,1295,IDAHO,37,1811,WYOMING,40,613,500,306,365,203,80,3,0,5,3,48,36,39,30,26,22,7,6
630,20120922,20120922-1301-1366,ILLINOIS,164,1301,ILLINOIS,24,1366,LOUISIANA TECH,52,416,459,205,284,119,119,6,3,4,5,37,22,41,37,20,17,4,8
630,20120922,20120922-1312-1129,IOWA,152,1312,IOWA,31,1129,CENTRAL MICH.,32,500,450,215,283,215,111,1,0,9,4,25,35,28,34,19,24,5,7
630,20120922,20120922-1414-1400,MIAMI (OH),175,1414,MIAMI (OH),27,1400,MASSACHUSETTS,16,483,568,192,213,216,258,1,3,7,8,22,40,42,50,23,26,4,3
630,20120922,20120922-1416-1204,MICHIGAN ST.,155,1416,MICHIGAN ST.,23,1204,EASTERN MICH.,7,488,285,159,137,269,46,1,1,3,4,29,26,44,29,21,8,5,1
630,20120922,20120922-1428-1688,MINNESOTA,163,1428,MINNESOTA,17,1688,SYRACUSE,10,368,387,231,228,106,122,0,4,8,10,30,31,41,33,20,21,3,2
630,20120922,20120922-1430-1646,MISSISSIPPI ST.,166,1430,MISSISSIPPI ST.,30,1646,SOUTH ALA.,10,605,420,200,224,156,123,1,3,6,2,29,43,37,30,15,21,6,2
630,20120922,20120922-1457-1196,NORTH CAROLINA,162,1457,NORTH CAROLINA,27,1196,EAST CAROLINA,6,530,262,321,124,129,109,0,1,9,5,43,30,29,33,23,13,5,2
630,20120922,20120922-1465-1721,UNLV,169,1465,UNLV,38,1721,AIR FORCE,35,526,572,250,90,199,352,1,1,6,4,32,9,40,65,21,24,6,5
630,20120922,20120922-1472-1473,NEW MEXICO ST.,149,1472,NEW MEXICO ST.,14,1473,NEW MEXICO,27,340,492,256,92,78,302,2,1,8,2,34,18,20,54,18,24,2,5
630,20120922,20120922-1497-1716,NORTH TEXAS,175,1497,NORTH TEXAS,7,1716,TROY,14,422,382,236,274,186,108,0,1,4,6,29,44,43,30,20,19,1,2
630,20120922,20120922-1503-1328,NORTHERN ILL.,182,1503,NORTHERN ILL.,30,1328,KANSAS,23,552,458,235,150,220,179,1,0,6,4,35,27,46,45,22,21,5,4
630,20120922,20120922-1513-1418,NOTRE DAME,133,1513,NOTRE DAME,13,1418,MICHIGAN,6,308,393,145,138,94,161,2,6,5,5,19,25,31,41,14,19,3,2
630,20120922,20120922-1518-1009,OHIO ST.,165,1518,OHIO ST.,29,1009,UAB,15,357,512,143,259,204,144,0,2,7,9,20,46,37,34,20,22,4,4
630,20120922,20120922-1522-1327,OKLAHOMA,156,1522,OKLAHOMA,19,1327,KANSAS ST.,24,478,428,304,154,92,223,3,0,4,3,43,21,27,44,25,20,4,4
630,20120922,20120922-1529-1029,OREGON,200,1529,OREGON,49,1029,ARIZONA,0,635,471,267,243,228,89,3,5,8,5,36,52,53,32,25,19,8,0
630,20120922,20120922-1539-1690,PENN ST.,159,1539,PENN ST.,24,1690,TEMPLE,13,530,320,318,124,173,113,1,0,9,6,36,26,42,28,27,13,4,3
630,20120922,20120922-1574-1388,RICE,215,1574,RICE,51,1388,MARSHALL,54,776,670,346,259,301,334,0,0,4,8,43,39,50,50,35,31,9,8
630,20120922,20120922-1626-1630,SAN DIEGO ST.,167,1626,SAN DIEGO ST.,34,1630,SAN JOSE ST.,38,609,620,213,290,271,77,2,2,5,9,29,32,55,23,29,21,6,6
630,20120922,20120922-1648-1434,SOUTH CAROLINA,142,1648,SOUTH CAROLINA,31,1434,MISSOURI,10,560,295,252,146,144,109,2,1,4,2,23,26,39,32,19,12,5,2
630,20120922,20120922-1657-1107,SOUTHERN CALIFORNIA,168,1657,SOUTHERN CALIFORNIA,27,1107,CALIFORNIA,9,535,331,192,173,296,77,3,2,8,7,34,34,40,36,29,21,5,3
630,20120922,20120922-1694-1005,TENNESSEE,193,1694,TENNESSEE,47,1005,AKRON,26,767,469,401,229,232,115,2,3,5,6,43,49,46,26,33,18,9,6
630,20120922,20120922-1698-1746,TCU,161,1698,TCU,27,1746,VIRGINIA,7,522,455,305,189,133,164,2,4,12,4,33,40,31,31,18,16,5,1
630,20120922,20120922-1709-1149,TOLEDO,181,1709,TOLEDO,38,1149,COASTAL CARO.,28,573,563,290,356,112,76,1,0,7,5,36,47,31,34,18,20,6,4
630,20120922,20120922-1718-1433,TULANE,169,1718,TULANE,0,1433,MISSISSIPPI,39,264,453,145,146,14,304,4,3,5,5,41,23,29,53,14,25,0,7
630,20120922,20120922-1719-1096,TULSA,196,1719,TULSA,27,1096,FRESNO ST.,26,442,486,228,231,126,133,3,2,1,7,38,44,43,37,17,16,5,4
630,20120922,20120922-1742-1071,VIRGINIA TECH,171,1742,VIRGINIA TECH,37,1071,BOWLING GREEN,0,441,357,150,133,246,133,1,2,9,9,29,42,43,26,22,12,6,0
630,20120922,20120922-1749-1725,WAKE FOREST,168,1749,WAKE FOREST,49,1725,ARMY,37,547,596,221,77,296,429,0,1,4,2,24,6,38,77,25,27,7,6
630,20120922,20120922-1754-1157,WASHINGTON ST.,192,1754,WASHINGTON ST.,34,1157,COLORADO,35,600,678,401,345,50,186,3,3,8,7,60,42,22,38,23,26,6,5
630,20120922,20120922-1768-1392,WEST VIRGINIA,162,1768,WEST VIRGINIA,31,1392,MARYLAND,21,474,467,338,305,25,46,0,3,6,5,43,30,25,35,19,18,5,3
630,20120922,20120922-1772-1664,WESTERN KY.,152,1772,WESTERN KY.,42,1664,SOUTHERN MISS.,17,606,476,191,101,369,163,1,1,8,8,23,17,48,36,25,16,6,3
630,20120922,20120922-1774-1164,WESTERN MICH.,180,1774,WESTERN MICH.,30,1164,CONNECTICUT,24,428,563,253,333,77,92,0,2,6,7,40,44,30,34,19,24,5,4
630,20120922,20120922-1796-1704,WISCONSIN,161,1796,WISCONSIN,37,1704,UTEP,26,474,428,210,259,213,77,2,1,6,10,17,39,40,33,21,20,5,5
631,20120927,20120927-1756-1674,WASHINGTON,166,1756,WASHINGTON,17,1674,STANFORD,13,419,374,177,170,136,68,1,2,4,5,37,37,34,28,13,10,3,3
631,20120928,20120928-1077-1277,BYU,159,1077,BYU,47,1277,HAWAII,0,579,234,144,108,396,41,1,3,6,7,24,27,54,27,30,9,7,0
631,20120929,20120929-1005-1414,AKRON,187,1005,AKRON,49,1414,MIAMI (OH),56,687,746,446,516,183,189,1,0,10,3,43,49,26,39,28,42,7,9
631,20120929,20120929-1008-1433,ALABAMA,154,1008,ALABAMA,33,1433,MISSISSIPPI,14,489,243,180,138,125,80,1,3,2,2,30,33,34,35,17,16,7,2
631,20120929,20120929-1009-1719,UAB,186,1009,UAB,42,1719,TULSA,49,452,641,337,237,1,241,3,2,12,5,30,39,35,46,18,29,6,7
631,20120929,20120929-1029-1528,ARIZONA,197,1029,ARIZONA,35,1528,OREGON ST.,38,600,652,403,433,142,180,2,1,6,10,53,45,23,43,28,30,5,6
631,20120929,20120929-1030-1772,ARKANSAS ST.,166,1030,ARKANSAS ST.,13,1772,WESTERN KY.,26,403,482,208,122,127,243,2,0,8,5,41,19,39,41,23,19,3,5
631,20120929,20120929-1067-1147,BOSTON COLLEGE,185,1067,BOSTON COLLEGE,31,1147,CLEMSON,45,530,723,369,367,51,209,2,2,5,8,44,38,28,46,18,27,5,7
631,20120929,20120929-1096-1626,FRESNO ST.,181,1096,FRESNO ST.,52,1626,SAN DIEGO ST.,40,755,569,536,160,110,179,4,5,8,8,55,23,31,40,32,14,8,6
631,20120929,20120929-1107-1028,CALIFORNIA,195,1107,CALIFORNIA,17,1028,ARIZONA ST.,27,394,497,126,293,159,116,1,0,12,2,28,46,38,48,17,29,3,5
631,20120929,20120929-1128-1434,UCF,166,1128,UCF,16,1434,MISSOURI,21,438,467,267,257,128,89,1,1,1,5,45,30,35,29,27,16,3,3
631,20120929,20120929-1140-1742,NEUTRAL,170,1140,CINCINNATI,27,1742,VIRGINIA TECH,24,574,519,392,242,103,160,2,3,8,7,43,30,32,34,24,16,5,4
631,20120929,20120929-1157-1110,COLORADO,181,1157,COLORADO,14,1110,UCLA,42,349,590,226,281,83,211,2,1,5,7,35,40,30,44,14,29,2,6
631,20120929,20120929-1164-1086,CONNECTICUT,160,1164,CONNECTICUT,24,1086,BUFFALO,17,382,428,227,220,133,141,0,2,3,3,22,30,42,39,16,13,4,3
631,20120929,20120929-1196-1704,EAST CAROLINA,171,1196,EAST CAROLINA,28,1704,UTEP,18,570,473,258,151,217,151,4,4,7,3,40,30,39,36,25,17,4,3
631,20120929,20120929-1229-1497,FLA. ATLANTIC,155,1229,FLA. ATLANTIC,14,1497,NORTH TEXAS,20,409,355,142,251,159,56,3,1,8,4,34,30,37,30,18,15,2,4
631,20120929,20120929-1255-1419,GEORGIA TECH,170,1255,GEORGIA TECH,28,1419,MIDDLE TENN.,49,628,625,187,246,238,264,4,2,6,7,26,23,53,44,25,24,4,7
631,20120929,20120929-1257-1694,GEORGIA,182,1257,GEORGIA,51,1694,TENNESSEE,44,598,615,286,281,274,197,3,4,6,6,26,45,38,40,20,26,8,7
631,20120929,20120929-1301-1539,ILLINOIS,176,1301,ILLINOIS,7,1539,PENN ST.,35,395,519,292,211,74,173,3,0,8,2,47,30,22,52,17,23,1,5
631,20120929,20120929-1311-1700,IOWA ST.,162,1311,IOWA ST.,13,1700,TEXAS TECH,24,320,537,73,332,116,63,4,2,3,11,20,47,38,30,13,20,2,4
631,20120929,20120929-1312-1428,IOWA,148,1312,IOWA,31,1428,MINNESOTA,13,477,355,192,197,182,102,0,4,8,4,31,33,25,32,15,15,5,2
631,20120929,20120929-1331-1047,KENT ST.,182,1331,KENT ST.,45,1047,BALL ST.,43,673,634,295,445,166,112,1,1,9,3,32,43,36,38,20,29,7,8
631,20120929,20120929-1334-1648,KENTUCKY,154,1334,KENTUCKY,17,1648,SOUTH CAROLINA,38,329,398,123,148,120,200,2,1,4,4,24,19,39,48,16,20,3,6
631,20120929,20120929-1400-1519,MASSACHUSETTS,192,1400,MASSACHUSETTS,34,1519,OHIO,37,637,643,373,229,138,274,1,0,8,5,51,27,33,52,28,24,6,7
631,20120929,20120929-1415-1490,MIAMI (FL),206,1415,MIAMI (FL),44,1490,NORTH CAROLINA ST.,37,739,779,566,440,85,224,1,6,4,14,49,42,32,46,26,30,6,6
631,20120929,20120929-1416-1518,MICHIGAN ST.,156,1416,MICHIGAN ST.,16,1518,OHIO ST.,17,415,437,269,179,34,204,0,3,4,6,42,23,22,44,17,21,4,3
631,20120929,20120929-1457-1295,NORTH CAROLINA,173,1457,NORTH CAROLINA,66,1295,IDAHO,0,684,367,288,109,287,80,2,5,5,8,26,36,53,28,25,9,10,0
631,20120929,20120929-1463-1796,NEBRASKA,172,1463,NEBRASKA,30,1796,WISCONSIN,27,606,315,181,239,259,56,2,1,6,2,29,28,46,41,24,17,6,4
631,20120929,20120929-1472-1706,NEW MEXICO ST.,158,1472,NEW MEXICO ST.,14,1706,UTSA,35,433,458,296,269,54,129,4,0,2,2,41,32,32,32,18,20,2,5
631,20120929,20120929-1473-1066,NEW MEXICO,152,1473,NEW MEXICO,29,1066,BOISE ST.,32,469,581,44,311,330,203,3,2,5,5,12,34,54,32,22,25,4,5
631,20120929,20120929-1503-1129,NORTHERN ILL.,187,1503,NORTHERN ILL.,55,1129,CENTRAL MICH.,24,774,572,215,332,407,130,0,2,5,6,33,40,55,31,32,20,9,4
631,20120929,20120929-1509-1306,NORTHWESTERN,186,1509,NORTHWESTERN,44,1306,INDIANA,29,727,677,310,266,394,159,3,1,3,4,35,39,58,28,36,16,8,4
631,20120929,20120929-1521-1703,OKLAHOMA ST.,174,1521,OKLAHOMA ST.,36,1703,TEXAS,41,679,559,301,304,275,136,1,1,7,5,27,38,40,42,24,25,7,6
631,20120929,20120929-1559-1388,PURDUE,213,1559,PURDUE,51,1388,MARSHALL,41,682,680,294,439,149,95,1,4,9,8,37,68,53,23,25,31,8,6
631,20120929,20120929-1574-1288,NEUTRAL,189,1574,RICE,14,1288,HOUSTON,35,437,652,274,361,69,247,1,3,6,8,36,43,34,44,17,30,2,5
631,20120929,20120929-1646-1716,SOUTH ALA.,176,1646,SOUTH ALA.,10,1716,TROY,31,349,547,59,281,193,214,4,5,15,10,20,27,43,51,13,28,2,5
631,20120929,20120929-1651-1234,SOUTH FLA.,161,1651,SOUTH FLA.,17,1234,FLORIDA ST.,30,349,532,143,242,125,182,3,0,6,6,33,26,32,41,14,20,3,6
631,20120929,20120929-1663-1698,SMU,173,1663,SMU,16,1698,TCU,24,313,383,190,102,30,54,6,2,10,13,40,28,22,47,12,11,3,4
631,20120929,20120929-1664-1367,SOUTHERN MISS.,142,1664,SOUTHERN MISS.,17,1367,LOUISVILLE,21,406,340,25,85,224,184,1,2,2,5,9,14,48,50,13,17,3,4
631,20120929,20120929-1670-1466,TEXAS ST.,172,1670,TEXAS ST.,21,1466,NEVADA,34,413,595,186,286,68,273,1,1,6,10,34,34,29,50,18,31,3,6
631,20120929,20120929-1671-1231,LA.-LAFAYETTE,165,1671,LA.-LAFAYETTE,48,1231,FIU,20,520,409,314,204,187,55,2,2,3,11,31,28,39,34,23,10,8,3
631,20120929,20120929-1697-1031,TEXAS A&M,205,1697,TEXAS A&M,58,1031,ARKANSAS,10,822,592,498,373,218,142,0,3,3,4,47,59,32,39,32,25,10,2
631,20120929,20120929-1718-1498,TULANE,164,1718,TULANE,10,1498,LA.-MONROE,63,315,680,160,331,-9,222,4,2,6,2,45,28,21,41,11,28,2,9
631,20120929,20120929-1721-1156,AIR FORCE,168,1721,AIR FORCE,42,1156,COLORADO ST.,21,672,525,57,312,459,129,2,3,7,11,5,36,67,34,24,22,6,3
631,20120929,20120929-1726-1630,NAVY,144,1726,NAVY,0,1630,SAN JOSE ST.,12,228,396,74,280,70,108,2,1,0,4,13,36,38,42,11,24,0,4
631,20120929,20120929-1731-1465,UTAH ST.,174,1731,UTAH ST.,35,1465,UNLV,13,611,378,426,188,138,117,2,1,9,5,35,39,35,35,21,19,6,3
631,20120929,20120929-1746-1366,VIRGINIA,193,1746,VIRGINIA,38,1366,LOUISIANA TECH,44,754,622,480,227,145,158,3,0,16,10,41,37,39,39,24,21,6,8
631,20120929,20120929-1749-1193,WAKE FOREST,175,1749,WAKE FOREST,27,1193,DUKE,34,467,454,230,258,167,123,4,1,2,7,38,40,35,36,17,22,5,6
631,20120929,20120929-1754-1529,NEUTRAL,194,1754,WASHINGTON ST.,26,1529,OREGON,51,662,575,410,169,-8,300,2,2,7,6,64,32,21,46,26,26,5,8
631,20120929,20120929-1768-1051,WEST VIRGINIA,214,1768,WEST VIRGINIA,70,1051,BAYLOR,63,890,911,656,581,151,119,0,1,6,6,51,47,37,45,33,34,10,9
631,20120929,20120929-1774-1709,WESTERN MICH.,172,1774,WESTERN MICH.,17,1709,TOLEDO,37,588,672,232,243,173,278,4,0,6,8,46,33,30,37,22,25,2,7
632,20121004,20121004-1128-1196,UCF,147,1128,UCF,40,1196,EAST CAROLINA,20,598,455,269,298,167,64,1,1,8,3,21,36,36,29,20,17,8,4
632,20121004,20121004-1231-1030,FIU,170,1231,FIU,20,1030,ARKANSAS ST.,34,489,497,153,223,188,198,2,0,11,7,31,23,48,37,17,14,4,5
632,20121004,20121004-1732-1657,UTAH,158,1732,UTAH,28,1657,SOUTHERN CALIFORNIA,38,350,520,209,303,95,129,2,2,13,14,38,30,22,32,15,22,4,6
632,20121005,20121005-1077-1731,BYU,169,1077,BYU,6,1731,UTAH ST.,3,415,284,235,202,145,41,1,2,6,7,36,39,45,24,20,16,1,1
632,20121005,20121005-1688-1545,SYRACUSE,157,1688,SYRACUSE,14,1545,PITTSBURGH,13,403,411,185,319,120,27,1,1,3,6,31,33,33,37,19,20,2,3
632,20121006,20121006-1005-1071,AKRON,185,1005,AKRON,10,1071,BOWLING GREEN,24,394,517,228,180,88,292,1,1,8,8,50,33,26,44,19,26,2,4
632,20121006,20121006-1037-1031,AUBURN,152,1037,AUBURN,7,1031,ARKANSAS,24,391,372,281,256,40,116,5,2,5,4,35,30,32,30,22,19,1,4
632,20121006,20121006-1047-1503,BALL ST.,207,1047,BALL ST.,23,1503,NORTHERN ILL.,35,668,652,434,195,129,314,3,2,7,9,71,23,29,52,29,24,5,5
632,20121006,20121006-1107-1110,CALIFORNIA,183,1107,CALIFORNIA,43,1110,UCLA,17,572,536,295,253,185,128,3,6,10,12,30,47,42,34,24,26,7,3
632,20121006,20121006-1140-1414,CINCINNATI,172,1140,CINCINNATI,52,1414,MIAMI (OH),14,618,430,157,320,272,59,0,4,9,8,23,53,50,19,24,21,8,2
632,20121006,20121006-1147-1255,CLEMSON,174,1147,CLEMSON,47,1255,GEORGIA TECH,31,695,541,397,144,204,339,2,1,2,2,42,14,51,46,31,17,8,5
632,20121006,20121006-1156-1096,COLORADO ST.,168,1156,COLORADO ST.,7,1096,FRESNO ST.,28,351,427,194,217,55,191,2,0,5,10,31,42,27,43,15,24,1,4
632,20121006,20121006-1193-1746,DUKE,183,1193,DUKE,42,1746,VIRGINIA,17,419,530,212,275,182,186,0,2,4,5,32,47,36,35,20,23,6,3
632,20121006,20121006-1204-1331,EASTERN MICH.,148,1204,EASTERN MICH.,14,1331,KENT ST.,41,411,637,93,146,107,321,2,1,8,7,17,24,21,57,7,27,2,7
632,20121006,20121006-1235-1365,FLORIDA,147,1235,FLORIDA,14,1365,LSU,6,290,275,61,158,176,42,2,3,6,8,12,25,58,25,22,8,2,2
632,20121006,20121006-1288-1497,HOUSTON,182,1288,HOUSTON,44,1497,NORTH TEXAS,21,661,574,321,252,302,231,0,2,4,7,42,38,37,40,35,25,8,3
632,20121006,20121006-1295-1472,IDAHO,179,1295,IDAHO,26,1472,NEW MEXICO ST.,18,413,467,304,309,77,98,2,4,9,8,48,46,28,28,20,23,6,3
632,20121006,20121006-1306-1416,INDIANA,182,1306,INDIANA,27,1416,MICHIGAN ST.,31,348,472,282,290,35,120,0,0,4,8,48,40,19,42,19,24,5,5
632,20121006,20121006-1327-1328,KANSAS ST.,151,1327,KANSAS ST.,56,1328,KANSAS,16,631,440,129,213,346,175,0,5,1,2,14,32,37,49,22,24,8,2
632,20121006,20121006-1334-1430,KENTUCKY,163,1334,KENTUCKY,14,1430,MISSISSIPPI ST.,27,304,460,144,269,84,158,0,2,3,2,27,39,34,39,13,25,2,5
632,20121006,20121006-1366-1465,LOUISIANA TECH,209,1366,LOUISIANA TECH,58,1465,UNLV,31,791,729,316,378,306,158,0,2,6,3,46,46,51,39,35,23,10,5
632,20121006,20121006-1388-1719,MARSHALL,189,1388,MARSHALL,38,1719,TULSA,45,649,612,403,90,169,250,3,1,5,10,45,17,45,53,26,18,6,7
632,20121006,20121006-1392-1749,MARYLAND,168,1392,MARYLAND,19,1749,WAKE FOREST,14,264,302,191,170,53,71,3,2,8,6,25,38,43,29,12,11,4,2
632,20121006,20121006-1404-1574,MEMPHIS,153,1404,MEMPHIS,14,1574,RICE,10,293,274,81,117,164,104,2,1,5,8,14,30,51,28,15,12,2,2
632,20121006,20121006-1419-1498,MIDDLE TENN.,169,1419,MIDDLE TENN.,17,1498,LA.-MONROE,31,422,614,238,296,69,204,3,1,10,8,34,39,19,51,17,27,3,5
632,20121006,20121006-1433-1697,MISSISSIPPI,174,1433,MISSISSIPPI,27,1697,TEXAS A&M,30,549,619,305,191,159,290,2,6,10,5,35,26,44,44,24,24,5,5
632,20121006,20121006-1434-1736,MISSOURI,170,1434,MISSOURI,15,1736,VANDERBILT,19,492,420,245,206,150,89,1,1,6,5,40,26,35,43,17,17,4,3
632,20121006,20121006-1457-1742,NORTH CAROLINA,186,1457,NORTH CAROLINA,48,1742,VIRGINIA TECH,34,786,575,194,354,339,40,1,2,15,8,30,49,45,25,27,22,8,6
632,20121006,20121006-1466-1811,NEVADA,196,1466,NEVADA,35,1811,WYOMING,28,622,485,438,207,127,143,3,2,5,6,45,40,37,47,27,22,5,4
632,20121006,20121006-1473-1670,NEW MEXICO,142,1473,NEW MEXICO,35,1670,TEXAS ST.,14,453,379,9,216,361,32,2,4,9,6,3,35,59,20,17,16,5,2
632,20121006,20121006-1490-1234,NORTH CAROLINA ST.,175,1490,NORTH CAROLINA ST.,17,1234,FLORIDA ST.,16,394,389,259,218,66,125,1,1,4,5,55,30,27,36,21,16,3,4
632,20121006,20121006-1513-1415,NEUTRAL,154,1513,NOTRE DAME,41,1415,MIAMI (FL),3,600,404,211,201,376,84,0,0,4,9,26,35,51,18,34,13,7,1
632,20121006,20121006-1518-1463,OHIO ST.,166,1518,OHIO ST.,63,1463,NEBRASKA,38,698,614,127,214,371,223,1,4,9,9,14,25,48,46,19,21,9,6
632,20121006,20121006-1519-1086,OHIO,185,1519,OHIO,38,1086,BUFFALO,31,482,584,184,188,149,313,1,3,8,9,27,36,36,56,16,30,6,5
632,20121006,20121006-1528-1754,OREGON ST.,156,1528,OREGON ST.,19,1754,WASHINGTON ST.,6,522,301,270,207,100,20,3,5,11,6,42,37,40,14,21,14,4,2
632,20121006,20121006-1529-1756,OREGON,182,1529,OREGON,52,1756,WASHINGTON,21,625,557,198,145,299,208,2,5,7,8,24,31,52,46,32,23,8,3
632,20121006,20121006-1539-1509,PENN ST.,187,1539,PENN ST.,39,1509,NORTHWESTERN,28,543,380,282,135,161,112,1,1,3,3,51,36,48,25,30,14,6,4
632,20121006,20121006-1559-1418,PURDUE,155,1559,PURDUE,13,1418,MICHIGAN,44,403,586,157,105,56,304,4,1,3,4,35,16,26,54,15,19,3,8
632,20121006,20121006-1587-1164,RUTGERS,149,1587,RUTGERS,19,1164,CONNECTICUT,3,403,279,157,191,123,53,1,5,10,3,27,33,35,28,17,17,4,1
632,20121006,20121006-1626-1277,SAN DIEGO ST.,173,1626,SAN DIEGO ST.,52,1277,HAWAII,14,492,422,218,112,194,61,0,3,6,6,33,28,51,30,27,12,8,2
632,20121006,20121006-1648-1257,SOUTH CAROLINA,153,1648,SOUTH CAROLINA,35,1257,GEORGIA,7,484,295,162,109,230,115,0,1,5,6,10,31,51,36,20,15,5,1
632,20121006,20121006-1664-1066,SOUTHERN MISS.,173,1664,SOUTHERN MISS.,14,1066,BOISE ST.,40,567,473,243,201,181,109,5,1,5,5,36,30,45,33,21,18,2,7
632,20121006,20121006-1671-1718,LA.-LAFAYETTE,165,1671,LA.-LAFAYETTE,41,1718,TULANE,13,552,325,150,173,294,53,1,3,4,6,22,39,53,22,26,11,7,3
632,20121006,20121006-1674-1029,STANFORD,214,1674,STANFORD,54,1029,ARIZONA,48,728,636,360,491,257,126,1,1,8,8,34,69,43,34,27,38,8,8
632,20121006,20121006-1690-1651,TEMPLE,177,1690,TEMPLE,37,1651,SOUTH FLA.,28,454,403,167,219,216,165,0,3,7,2,20,31,51,44,22,23,6,4
632,20121006,20121006-1698-1311,TCU,168,1698,TCU,23,1311,IOWA ST.,37,628,448,270,198,185,152,5,1,6,5,40,22,43,35,24,15,5,6
632,20121006,20121006-1700-1522,TEXAS TECH,167,1700,TEXAS TECH,20,1522,OKLAHOMA,41,423,470,271,259,89,121,3,1,4,5,41,40,32,29,21,22,4,7
632,20121006,20121006-1703-1768,TEXAS,170,1703,TEXAS,45,1768,WEST VIRGINIA,48,548,610,269,268,135,192,1,2,4,5,29,35,39,42,21,26,7,8
632,20121006,20121006-1704-1663,UTEP,172,1704,UTEP,0,1663,SMU,17,374,414,178,234,107,138,3,1,2,3,39,44,30,36,13,22,0,3
632,20121006,20121006-1709-1129,TOLEDO,174,1709,TOLEDO,50,1129,CENTRAL MICH.,35,704,548,246,337,187,46,3,2,5,4,40,44,37,24,23,22,9,5
632,20121006,20121006-1721-1726,AIR FORCE,158,1721,AIR FORCE,21,1726,NAVY,28,622,409,144,74,363,285,3,0,1,5,13,6,64,54,26,19,3,5
632,20121006,20121006-1725-1067,ARMY,175,1725,ARMY,34,1067,BOSTON COLLEGE,31,660,439,79,234,516,186,2,1,7,3,13,29,79,28,31,17,6,5
632,20121006,20121006-1774-1400,WESTERN MICH.,162,1774,WESTERN MICH.,52,1400,MASSACHUSETTS,14,630,436,283,135,268,83,1,3,3,8,28,29,46,33,32,16,8,2
632,20121006,20121006-1796-1301,WISCONSIN,149,1796,WISCONSIN,31,1301,ILLINOIS,14,463,377,254,178,173,106,2,2,5,4,25,30,33,34,18,15,5,2
633,20121011,20121011-1157-1028,COLORADO,179,1157,COLORADO,17,1028,ARIZONA ST.,51,318,719,180,332,75,261,1,2,4,5,42,33,32,44,16,31,3,8
633,20121011,20121011-1716-1772,TROY,159,1716,TROY,26,1772,WESTERN KY.,31,520,460,254,255,120,112,0,2,9,6,28,31,40,35,21,23,5,5
633,20121011,20121011-1719-1704,TULSA,176,1719,TULSA,33,1704,UTEP,11,545,508,198,376,281,31,1,3,4,3,23,42,54,33,20,26,6,2
633,20121012,20121012-1129-1726,CENTRAL MICH.,137,1129,CENTRAL MICH.,13,1726,NAVY,31,374,489,151,134,70,238,0,0,3,2,22,11,22,62,12,22,3,5
633,20121013,20121013-1030-1646,ARKANSAS ST.,172,1030,ARKANSAS ST.,36,1646,SOUTH ALA.,29,470,448,203,241,113,132,3,1,2,13,22,38,37,50,23,24,5,6
633,20121013,20121013-1031-1334,ARKANSAS,124,1031,ARKANSAS,49,1334,KENTUCKY,7,566,189,372,104,161,66,0,0,3,5,34,15,27,25,24,6,7,1
633,20121013,20121013-1047-1774,BALL ST.,188,1047,BALL ST.,30,1774,WESTERN MICH.,24,558,490,265,202,168,222,3,2,8,8,43,31,45,38,30,23,5,4
633,20121013,20121013-1051-1698,BAYLOR,161,1051,BAYLOR,21,1698,TCU,49,475,592,326,261,106,248,6,0,1,6,23,30,32,57,21,29,3,7
633,20121013,20121013-1066-1096,BOISE ST.,167,1066,BOISE ST.,20,1096,FRESNO ST.,10,377,418,120,266,215,56,1,2,6,9,24,43,42,30,22,19,4,2
633,20121013,20121013-1071-1414,BOWLING GREEN,155,1071,BOWLING GREEN,37,1414,MIAMI (OH),12,595,348,235,253,251,3,1,3,9,5,27,39,44,20,27,14,6,3
633,20121013,20121013-1077-1528,BYU,174,1077,BYU,24,1528,OREGON ST.,42,450,620,305,332,81,118,3,0,6,8,51,32,33,28,24,23,4,6
633,20121013,20121013-1110-1732,UCLA,152,1110,UCLA,21,1732,UTAH,14,401,337,183,244,171,75,1,1,7,4,21,35,47,27,19,16,3,2
633,20121013,20121013-1128-1664,UCF,169,1128,UCF,38,1664,SOUTHERN MISS.,31,537,448,272,165,182,194,0,2,3,3,40,27,42,36,25,20,6,5
633,20121013,20121013-1164-1690,CONNECTICUT,186,1164,CONNECTICUT,14,1690,TEMPLE,17,421,430,293,132,88,202,1,2,2,8,39,26,41,49,20,17,2,3
633,20121013,20121013-1196-1404,EAST CAROLINA,161,1196,EAST CAROLINA,41,1404,MEMPHIS,7,435,396,308,166,61,115,2,2,2,7,33,26,32,43,21,16,7,1
633,20121013,20121013-1204-1709,EASTERN MICH.,171,1204,EASTERN MICH.,47,1709,TOLEDO,52,796,825,301,401,323,254,1,2,8,10,29,32,41,37,28,24,8,8
633,20121013,20121013-1231-1419,FIU,191,1231,FIU,30,1419,MIDDLE TENN.,34,648,611,380,267,142,256,1,0,6,7,40,30,41,53,27,29,5,6
633,20121013,20121013-1234-1067,FLORIDA ST.,165,1234,FLORIDA ST.,51,1067,BOSTON COLLEGE,7,730,379,448,129,201,96,2,1,9,4,38,33,33,32,30,18,9,1
633,20121013,20121013-1277-1473,HAWAII,167,1277,HAWAII,23,1473,NEW MEXICO,35,573,517,272,120,119,336,3,0,5,5,42,13,27,63,21,24,4,5
633,20121013,20121013-1288-1009,HOUSTON,198,1288,HOUSTON,39,1009,UAB,17,591,461,380,339,181,35,1,2,3,11,46,49,49,27,32,21,9,3
633,20121013,20121013-1306-1518,INDIANA,195,1306,INDIANA,49,1518,OHIO ST.,52,633,679,352,225,129,353,0,1,4,10,54,25,24,54,26,28,8,8
633,20121013,20121013-1311-1327,IOWA ST.,164,1311,IOWA ST.,21,1327,KANSAS ST.,27,274,416,166,187,65,177,1,1,8,9,36,24,24,52,12,25,3,5
633,20121013,20121013-1328-1521,KANSAS,177,1328,KANSAS,14,1521,OKLAHOMA ST.,20,468,419,211,255,187,116,0,1,4,3,32,29,49,44,22,17,2,4
633,20121013,20121013-1365-1648,LSU,164,1365,LSU,23,1648,SOUTH CAROLINA,21,510,378,148,177,258,34,1,2,5,4,25,35,53,25,22,14,5,3
633,20121013,20121013-1366-1697,LOUISIANA TECH,228,1366,LOUISIANA TECH,57,1697,TEXAS A&M,59,677,759,450,395,165,283,0,2,8,19,59,40,42,46,37,27,9,10
633,20121013,20121013-1415-1457,MIAMI (FL),194,1415,MIAMI (FL),14,1457,NORTH CAROLINA,18,529,552,235,214,180,272,2,1,7,15,39,40,45,44,26,30,2,3
633,20121013,20121013-1416-1312,MICHIGAN ST.,173,1416,MICHIGAN ST.,16,1312,IOWA,19,395,303,179,134,149,123,1,1,5,7,31,36,39,34,14,12,4,5
633,20121013,20121013-1418-1301,MICHIGAN,145,1418,MICHIGAN,45,1301,ILLINOIS,0,608,207,174,29,353,105,1,2,5,5,15,16,51,37,21,7,7,0
633,20121013,20121013-1428-1509,MINNESOTA,150,1428,MINNESOTA,13,1509,NORTHWESTERN,21,411,307,169,67,158,208,3,0,9,11,30,17,42,34,21,13,3,3
633,20121013,20121013-1430-1694,MISSISSIPPI ST.,166,1430,MISSISSIPPI ST.,41,1694,TENNESSEE,31,539,492,308,148,141,213,0,3,1,6,39,24,41,34,26,18,7,5
633,20121013,20121013-1433-1037,MISSISSIPPI,152,1433,MISSISSIPPI,41,1037,AUBURN,20,528,313,251,112,200,101,0,2,3,6,23,18,42,41,22,13,7,4
633,20121013,20121013-1434-1008,MISSOURI,151,1434,MISSOURI,10,1008,ALABAMA,42,289,629,126,171,3,362,3,2,2,7,29,21,28,47,9,21,2,6
633,20121013,20121013-1465-1466,UNLV,176,1465,UNLV,37,1466,NEVADA,42,557,618,243,167,193,329,1,2,7,6,36,19,32,64,26,33,6,6
633,20121013,20121013-1498-1229,LA.-MONROE,163,1498,LA.-MONROE,35,1229,FLA. ATLANTIC,14,392,410,147,261,194,46,0,1,7,11,24,39,32,37,17,16,5,2
633,20121013,20121013-1503-1086,NORTHERN ILL.,181,1503,NORTHERN ILL.,45,1086,BUFFALO,3,473,396,241,263,219,74,1,3,7,7,25,49,41,39,21,26,7,1
633,20121013,20121013-1513-1674,NOTRE DAME,165,1513,NOTRE DAME,20,1674,STANFORD,13,428,296,184,125,150,147,3,2,9,6,28,25,44,40,19,13,4,3
633,20121013,20121013-1519-1005,OHIO,193,1519,OHIO,34,1005,AKRON,28,522,483,189,298,252,158,0,2,4,7,28,53,53,33,29,26,6,4
633,20121013,20121013-1522-1703,NEUTRAL,183,1522,OKLAHOMA,63,1703,TEXAS,21,854,442,334,215,343,74,1,3,8,5,39,37,51,23,30,13,10,3
633,20121013,20121013-1545-1367,PITTSBURGH,155,1545,PITTSBURGH,35,1367,LOUISVILLE,45,629,515,287,304,93,156,0,0,5,7,37,27,34,31,22,19,5,7
633,20121013,20121013-1559-1796,PURDUE,165,1559,PURDUE,14,1796,WISCONSIN,38,417,723,124,178,128,467,1,1,3,6,31,21,28,57,11,30,2,6
633,20121013,20121013-1574-1706,RICE,161,1574,RICE,34,1706,UTSA,14,522,262,182,144,301,95,1,0,7,4,23,29,58,26,27,13,6,3
633,20121013,20121013-1587-1688,RUTGERS,160,1587,RUTGERS,23,1688,SYRACUSE,15,302,525,152,356,85,62,0,4,4,7,23,42,36,32,12,23,4,2
633,20121013,20121013-1626-1156,SAN DIEGO ST.,149,1626,SAN DIEGO ST.,38,1156,COLORADO ST.,14,431,455,181,214,218,121,1,3,0,5,22,35,38,40,23,19,6,2
633,20121013,20121013-1630-1731,SAN JOSE ST.,179,1630,SAN JOSE ST.,27,1731,UTAH ST.,49,573,574,467,273,4,212,1,1,5,5,51,35,41,24,27,18,5,7
633,20121013,20121013-1670-1295,TEXAS ST.,150,1670,TEXAS ST.,38,1295,IDAHO,7,705,343,182,211,337,104,0,3,11,7,19,34,47,24,25,15,6,1
633,20121013,20121013-1700-1768,TEXAS TECH,183,1700,TEXAS TECH,49,1768,WEST VIRGINIA,14,706,467,508,275,168,133,2,0,5,2,43,55,29,36,30,25,7,2
633,20121013,20121013-1718-1663,TULANE,167,1718,TULANE,27,1663,SMU,26,492,568,302,275,40,196,1,1,6,6,32,51,16,38,13,29,5,6
633,20121013,20121013-1725-1331,ARMY,162,1725,ARMY,17,1331,KENT ST.,31,535,414,132,84,325,283,1,0,2,4,20,12,70,36,27,12,3,5
633,20121013,20121013-1736-1235,VANDERBILT,162,1736,VANDERBILT,17,1235,FLORIDA,31,427,476,237,77,126,326,1,0,4,10,31,20,47,35,23,15,3,6
633,20121013,20121013-1742-1193,VIRGINIA TECH,162,1742,VIRGINIA TECH,41,1193,DUKE,20,688,477,256,307,269,22,1,4,8,8,23,42,39,29,19,20,7,4
633,20121013,20121013-1746-1392,VIRGINIA,165,1746,VIRGINIA,20,1392,MARYLAND,27,506,413,218,237,168,-2,2,1,7,1,39,26,42,29,20,10,4,5
633,20121013,20121013-1754-1107,WASHINGTON ST.,179,1754,WASHINGTON ST.,17,1107,CALIFORNIA,31,474,588,384,189,36,318,2,2,5,8,63,23,18,50,23,25,3,5
633,20121013,20121013-1756-1657,WASHINGTON,148,1756,WASHINGTON,14,1657,SOUTHERN CALIFORNIA,24,432,470,198,167,101,204,4,1,6,10,28,20,30,40,14,15,2,4
633,20121013,20121013-1811-1721,WYOMING,165,1811,WYOMING,27,1721,AIR FORCE,28,467,438,195,141,252,230,1,1,8,2,37,10,44,51,26,18,5,4
633,20121016,20121016-1497-1671,NORTH TEXAS,168,1497,NORTH TEXAS,30,1671,LA.-LAFAYETTE,23,575,459,282,265,242,106,0,2,5,6,28,41,52,19,22,12,6,4
634,20121018,20121018-1028-1529,ARIZONA ST.,194,1028,ARIZONA ST.,21,1529,OREGON,43,600,624,216,48,192,406,4,2,2,7,37,19,47,60,21,18,3,6
634,20121018,20121018-1663-1288,SMU,194,1663,SMU,72,1288,HOUSTON,42,542,771,265,445,119,115,2,9,2,9,38,65,26,33,20,30,11,6
634,20121019,20121019-1688-1164,SYRACUSE,162,1688,SYRACUSE,40,1164,CONNECTICUT,10,591,323,251,296,251,-6,0,2,8,6,20,41,53,18,21,18,8,2
634,20121020,20121020-1005-1503,AKRON,179,1005,AKRON,7,1503,NORTHERN ILL.,37,252,601,157,223,42,305,3,1,7,8,29,33,37,50,15,28,1,7
634,20121020,20121020-1009-1196,UAB,166,1009,UAB,35,1196,EAST CAROLINA,42,569,671,319,386,82,214,0,0,7,7,37,35,25,42,19,27,5,7
634,20121020,20121020-1029-1756,ARIZONA,182,1029,ARIZONA,52,1756,WASHINGTON,17,685,487,256,256,277,124,2,3,8,10,22,52,49,29,25,23,8,3
634,20121020,20121020-1066-1465,BOISE ST.,161,1066,BOISE ST.,32,1465,UNLV,7,432,334,257,71,137,139,3,3,4,4,32,31,36,42,19,16,5,1
634,20121020,20121020-1086-1545,BUFFALO,161,1086,BUFFALO,6,1545,PITTSBURGH,20,394,277,165,128,169,126,1,0,5,4,42,17,39,42,22,13,2,4
634,20121020,20121020-1096-1811,FRESNO ST.,186,1096,FRESNO ST.,42,1811,WYOMING,14,656,352,268,170,126,73,2,2,7,5,48,44,32,30,26,14,6,2
634,20121020,20121020-1107-1674,CALIFORNIA,164,1107,CALIFORNIA,3,1674,STANFORD,21,345,537,214,223,3,252,3,2,5,9,31,32,28,46,12,23,1,3
634,20121020,20121020-1129-1047,CENTRAL MICH.,172,1129,CENTRAL MICH.,30,1047,BALL ST.,41,614,583,339,231,107,233,2,2,7,5,38,30,26,51,23,28,5,7
634,20121020,20121020-1147-1742,CLEMSON,170,1147,CLEMSON,38,1742,VIRGINIA TECH,17,465,477,160,207,135,199,1,4,4,3,21,29,45,49,15,23,6,3
634,20121020,20121020-1193-1457,DUKE,186,1193,DUKE,33,1457,NORTH CAROLINA,30,651,502,276,237,234,177,1,2,8,2,36,33,53,38,28,22,7,6
634,20121020,20121020-1204-1725,EASTERN MICH.,169,1204,EASTERN MICH.,48,1725,ARMY,38,653,668,369,65,208,413,1,2,7,6,31,11,47,52,27,18,8,6
634,20121020,20121020-1235-1648,FLORIDA,162,1235,FLORIDA,44,1648,SOUTH CAROLINA,11,292,257,94,155,89,36,0,4,7,3,17,40,48,26,14,17,7,3
634,20121020,20121020-1255-1067,GEORGIA TECH,164,1255,GEORGIA TECH,37,1067,BOSTON COLLEGE,17,636,421,172,264,391,32,0,2,7,3,15,31,76,16,30,15,6,3
634,20121020,20121020-1312-1539,IOWA,174,1312,IOWA,14,1539,PENN ST.,38,406,588,189,289,20,215,3,2,3,7,36,38,23,52,14,28,2,6
634,20121020,20121020-1331-1774,KENT ST.,184,1331,KENT ST.,41,1774,WESTERN MICH.,24,506,598,203,333,181,143,2,6,5,6,33,57,31,36,19,27,7,4
634,20121020,20121020-1334-1257,KENTUCKY,162,1334,KENTUCKY,24,1257,GEORGIA,29,440,587,123,427,206,77,0,0,3,8,20,40,43,32,21,25,4,5
634,20121020,20121020-1366-1295,LOUISIANA TECH,184,1366,LOUISIANA TECH,70,1295,IDAHO,28,987,608,431,257,408,47,3,4,4,5,42,36,53,23,39,11,10,4
634,20121020,20121020-1367-1651,LOUISVILLE,164,1367,LOUISVILLE,27,1651,SOUTH FLA.,25,435,477,256,189,128,197,1,2,9,7,25,38,33,44,22,28,4,4
634,20121020,20121020-1392-1490,MARYLAND,190,1392,MARYLAND,18,1490,NORTH CAROLINA ST.,20,536,492,256,307,206,40,2,0,8,9,27,47,54,26,22,17,4,4
634,20121020,20121020-1400-1071,MASSACHUSETTS,167,1400,MASSACHUSETTS,0,1071,BOWLING GREEN,24,173,455,33,188,85,94,4,1,6,15,34,36,26,37,6,15,0,4
634,20121020,20121020-1404-1128,MEMPHIS,160,1404,MEMPHIS,17,1128,UCF,35,537,517,121,122,240,229,3,1,6,4,28,26,45,34,19,17,3,5
634,20121020,20121020-1415-1234,MIAMI (FL),168,1415,MIAMI (FL),20,1234,FLORIDA ST.,33,279,567,229,229,29,218,2,2,4,12,44,31,21,41,14,23,4,7
634,20121020,20121020-1418-1416,MICHIGAN,156,1418,MICHIGAN,12,1416,MICHIGAN ST.,10,398,345,163,192,163,112,1,1,6,7,30,34,32,31,16,16,4,2
634,20121020,20121020-1430-1419,MISSISSIPPI ST.,156,1430,MISSISSIPPI ST.,45,1419,MIDDLE TENN.,3,540,369,219,174,227,131,1,3,5,8,27,32,32,41,22,19,7,1
634,20121020,20121020-1466-1626,NEVADA,191,1466,NEVADA,38,1626,SAN DIEGO ST.,39,534,405,304,197,176,152,0,0,10,5,40,28,48,45,29,26,6,7
634,20121020,20121020-1509-1463,NORTHWESTERN,197,1509,NORTHWESTERN,28,1463,NEBRASKA,29,384,612,121,342,180,201,0,3,5,8,37,39,38,44,14,26,4,5
634,20121020,20121020-1513-1077,NOTRE DAME,145,1513,NOTRE DAME,17,1077,BYU,14,430,277,119,177,270,66,1,2,5,4,17,36,43,25,16,17,3,2
634,20121020,20121020-1518-1559,OHIO ST.,164,1518,OHIO ST.,29,1559,PURDUE,22,456,492,190,230,152,117,4,1,4,3,32,30,36,39,15,16,4,3
634,20121020,20121020-1521-1311,OKLAHOMA ST.,188,1521,OKLAHOMA ST.,31,1311,IOWA ST.,10,688,341,415,240,210,101,2,2,5,6,47,48,42,22,28,16,5,2
634,20121020,20121020-1522-1328,OKLAHOMA,164,1522,OKLAHOMA,52,1328,KANSAS,7,686,451,313,124,93,185,1,3,3,4,34,28,18,58,18,20,8,1
634,20121020,20121020-1528-1732,OREGON ST.,152,1528,OREGON ST.,21,1732,UTAH,7,270,342,174,172,52,135,0,4,5,7,26,28,28,45,15,19,3,1
634,20121020,20121020-1646-1229,SOUTH ALA.,198,1646,SOUTH ALA.,37,1229,FLA. ATLANTIC,34,415,560,179,303,180,158,1,0,4,10,27,41,53,39,24,25,7,6
634,20121020,20121020-1657-1157,SOUTHERN CALIFORNIA,154,1657,SOUTHERN CALIFORNIA,50,1157,COLORADO,6,608,446,340,248,118,103,2,6,10,4,25,43,23,42,22,25,8,2
634,20121020,20121020-1664-1388,SOUTHERN MISS.,194,1664,SOUTHERN MISS.,24,1388,MARSHALL,59,503,715,115,354,216,275,3,1,5,9,33,43,44,42,25,32,4,9
634,20121020,20121020-1690-1587,TEMPLE,142,1690,TEMPLE,10,1587,RUTGERS,35,336,425,72,232,119,139,3,2,6,7,17,27,42,30,9,17,2,5
634,20121020,20121020-1694-1008,TENNESSEE,149,1694,TENNESSEE,13,1008,ALABAMA,44,406,634,203,306,79,233,2,1,2,4,31,22,27,45,11,23,3,7
634,20121020,20121020-1697-1365,TEXAS A&M,204,1697,TEXAS A&M,19,1365,LSU,24,534,360,276,97,134,219,5,0,6,13,56,29,38,45,26,18,4,4
634,20121020,20121020-1698-1700,TCU,198,1698,TCU,53,1700,TEXAS TECH,56,626,430,332,318,184,71,3,0,8,9,47,42,42,27,28,21,11,8
634,20121020,20121020-1703-1051,TEXAS,190,1703,TEXAS,56,1051,BAYLOR,50,648,669,274,352,251,255,0,2,5,5,31,41,44,44,27,29,8,9
634,20121020,20121020-1704-1718,UTEP,157,1704,UTEP,24,1718,TULANE,20,515,462,228,363,217,77,1,1,2,4,30,44,40,24,25,24,4,4
634,20121020,20121020-1706-1630,UTSA,157,1706,UTSA,24,1630,SAN JOSE ST.,52,566,567,302,283,110,91,6,3,7,4,32,27,38,32,15,17,4,8
634,20121020,20121020-1709-1140,TOLEDO,166,1709,TOLEDO,29,1140,CINCINNATI,23,670,573,126,227,229,251,1,2,4,4,24,37,43,35,18,23,7,5
634,20121020,20121020-1716-1231,TROY,186,1716,TROY,38,1231,FIU,37,498,655,245,316,187,112,2,3,6,12,45,29,41,38,27,20,6,6
634,20121020,20121020-1719-1574,TULSA,185,1719,TULSA,28,1574,RICE,24,468,468,201,147,235,246,1,2,5,5,23,35,43,52,16,21,4,4
634,20121020,20121020-1721-1473,AIR FORCE,147,1721,AIR FORCE,28,1473,NEW MEXICO,23,484,507,75,34,291,409,3,1,3,7,7,11,51,59,20,21,4,4
634,20121020,20121020-1726-1306,NAVY,169,1726,NAVY,31,1306,INDIANA,30,423,506,96,244,257,173,0,2,2,5,13,38,57,40,25,26,5,6
634,20121020,20121020-1731-1472,UTAH ST.,160,1731,UTAH ST.,41,1472,NEW MEXICO ST.,7,648,368,260,189,256,132,0,2,8,1,27,38,36,34,20,21,7,1
634,20121020,20121020-1736-1037,VANDERBILT,147,1736,VANDERBILT,17,1037,AUBURN,13,406,267,173,109,209,103,3,0,5,4,26,21,45,33,19,13,3,3
634,20121020,20121020-1746-1749,VIRGINIA,163,1746,VIRGINIA,10,1749,WAKE FOREST,16,392,306,253,108,48,105,3,0,5,3,39,21,32,41,15,12,2,4
634,20121020,20121020-1768-1327,WEST VIRGINIA,147,1768,WEST VIRGINIA,14,1327,KANSAS ST.,55,478,624,155,333,88,146,2,0,4,6,35,23,27,39,18,24,2,9
634,20121020,20121020-1772-1498,WESTERN KY.,167,1772,WESTERN KY.,42,1498,LA.-MONROE,43,611,519,308,308,141,77,2,2,9,5,32,42,45,22,26,19,6,6
634,20121020,20121020-1796-1428,WISCONSIN,148,1796,WISCONSIN,38,1428,MINNESOTA,13,453,320,106,149,337,96,0,2,2,3,15,24,54,30,24,12,6,2
634,20121023,20121023-1671-1030,LA.-LAFAYETTE,173,1671,LA.-LAFAYETTE,27,1030,ARKANSAS ST.,50,593,612,374,269,76,257,5,0,8,4,41,31,23,50,21,29,4,10
635,20121025,20121025-1749-1147,WAKE FOREST,191,1749,WAKE FOREST,13,1147,CLEMSON,42,320,552,239,433,51,101,1,0,4,9,45,40,28,45,19,26,2,6
635,20121026,20121026-1367-1140,LOUISVILLE,178,1367,LOUISVILLE,34,1140,CINCINNATI,31,617,528,416,157,108,196,1,3,6,6,41,28,37,41,24,20,6,5
635,20121026,20121026-1721-1466,AIR FORCE,177,1721,AIR FORCE,48,1466,NEVADA,31,682,502,139,211,461,169,2,1,3,4,7,27,82,40,36,21,8,5
635,20121027,20121027-1008-1430,ALABAMA,148,1008,ALABAMA,38,1430,MISSISSIPPI ST.,7,494,440,235,209,179,47,0,3,7,6,24,36,40,21,22,16,6,1
635,20121027,20121027-1028-1110,ARIZONA ST.,205,1028,ARIZONA ST.,43,1110,UCLA,45,581,560,315,274,220,212,1,2,4,7,35,31,59,47,29,25,8,7
635,20121027,20121027-1029-1657,ARIZONA,206,1029,ARIZONA,39,1657,SOUTHERN CALIFORNIA,36,662,756,369,493,219,125,1,5,14,13,51,49,43,26,30,28,7,5
635,20121027,20121027-1031-1433,ARKANSAS,187,1031,ARKANSAS,27,1433,MISSISSIPPI,30,475,493,297,278,167,77,2,2,12,5,43,37,37,37,24,22,5,6
635,20121027,20121027-1037-1697,AUBURN,163,1037,AUBURN,21,1697,TEXAS A&M,63,401,716,211,319,124,352,0,0,6,3,21,33,34,48,18,34,3,9
635,20121027,20121027-1067-1392,BOSTON COLLEGE,167,1067,BOSTON COLLEGE,20,1392,MARYLAND,17,495,391,287,240,8,97,2,3,3,3,39,42,27,32,17,16,4,3
635,20121027,20121027-1071-1204,BOWLING GREEN,140,1071,BOWLING GREEN,24,1204,EASTERN MICH.,3,427,299,131,114,225,64,0,3,7,4,21,24,41,27,16,11,4,1
635,20121027,20121027-1086-1709,BUFFALO,168,1086,BUFFALO,20,1709,TOLEDO,25,414,461,202,171,170,241,2,2,1,2,28,25,39,46,16,18,3,4
635,20121027,20121027-1129-1005,CENTRAL MICH.,179,1129,CENTRAL MICH.,35,1005,AKRON,14,444,582,180,352,264,140,0,2,6,8,25,53,44,29,21,27,5,2
635,20121027,20121027-1156-1277,COLORADO ST.,175,1156,COLORADO ST.,42,1277,HAWAII,27,623,570,115,200,176,193,5,5,8,5,17,46,35,47,16,25,6,5
635,20121027,20121027-1196-1726,EAST CAROLINA,158,1196,EAST CAROLINA,28,1726,NAVY,56,476,659,194,51,144,512,2,1,7,3,29,5,33,69,20,32,4,8
635,20121027,20121027-1229-1716,FLA. ATLANTIC,184,1229,FLA. ATLANTIC,34,1716,TROY,27,480,418,261,217,160,164,1,1,4,7,40,35,40,36,27,17,6,5
635,20121027,20121027-1231-1772,FIU,149,1231,FIU,6,1772,WESTERN KY.,14,445,327,256,128,86,161,4,1,10,7,32,21,35,39,19,16,2,2
635,20121027,20121027-1234-1193,FLORIDA ST.,171,1234,FLORIDA ST.,48,1193,DUKE,7,682,306,299,129,261,103,4,0,7,10,21,37,47,33,24,13,8,1
635,20121027,20121027-1255-1077,GEORGIA TECH,148,1255,GEORGIA TECH,17,1077,BYU,41,360,602,40,228,117,183,1,1,2,7,12,29,35,46,12,22,3,7
635,20121027,20121027-1257-1235,NEUTRAL,157,1257,GEORGIA,17,1235,FLORIDA,9,329,391,150,191,123,75,3,6,14,10,24,29,35,40,14,15,3,3
635,20121027,20121027-1288-1704,HOUSTON,184,1288,HOUSTON,45,1704,UTEP,35,451,663,174,301,165,193,2,6,3,6,30,38,36,53,19,26,7,5
635,20121027,20121027-1301-1306,ILLINOIS,176,1301,ILLINOIS,17,1306,INDIANA,31,416,336,176,171,196,121,2,1,8,3,27,22,55,42,23,14,3,5
635,20121027,20121027-1311-1051,IOWA ST.,205,1311,IOWA ST.,35,1051,BAYLOR,21,593,652,381,426,176,115,2,4,3,7,54,51,48,30,32,24,5,3
635,20121027,20121027-1327-1700,KANSAS ST.,166,1327,KANSAS ST.,55,1700,TEXAS TECH,24,597,558,233,331,193,111,0,3,5,6,27,50,36,27,30,26,9,4
635,20121027,20121027-1328-1703,KANSAS,143,1328,KANSAS,17,1703,TEXAS,21,348,387,39,131,234,211,1,2,1,5,9,23,56,35,18,16,3,3
635,20121027,20121027-1388-1128,MARSHALL,184,1388,MARSHALL,17,1128,UCF,54,531,781,298,290,66,278,0,3,3,5,62,22,36,40,27,25,3,8
635,20121027,20121027-1414-1519,MIAMI (OH),179,1414,MIAMI (OH),23,1519,OHIO,20,510,516,311,302,113,162,1,0,1,5,36,39,33,43,19,24,5,4
635,20121027,20121027-1419-1497,MIDDLE TENN.,164,1419,MIDDLE TENN.,38,1497,NORTH TEXAS,21,568,530,349,221,139,211,0,4,2,4,30,29,37,43,20,23,6,3
635,20121027,20121027-1428-1559,MINNESOTA,172,1428,MINNESOTA,44,1559,PURDUE,28,609,455,246,198,212,183,0,1,8,8,22,43,41,34,20,21,8,4
635,20121027,20121027-1434-1334,MISSOURI,155,1434,MISSOURI,33,1334,KENTUCKY,10,372,281,87,78,186,101,3,3,2,5,27,22,47,34,20,9,6,2
635,20121027,20121027-1457-1490,NORTH CAROLINA,209,1457,NORTH CAROLINA,43,1490,NORTH CAROLINA ST.,35,697,665,358,467,212,67,2,4,5,8,47,52,39,31,24,24,7,5
635,20121027,20121027-1463-1418,NEBRASKA,153,1463,NEBRASKA,23,1418,MICHIGAN,9,453,280,166,93,160,95,2,3,8,3,24,27,41,37,20,18,5,3
635,20121027,20121027-1472-1366,NEW MEXICO ST.,183,1472,NEW MEXICO ST.,14,1366,LOUISIANA TECH,28,538,599,283,292,122,238,3,0,5,4,34,44,31,46,20,26,2,4
635,20121027,20121027-1473-1096,NEW MEXICO,175,1473,NEW MEXICO,32,1096,FRESNO ST.,49,500,682,45,416,349,184,2,1,3,9,15,44,51,34,16,26,5,7
635,20121027,20121027-1498-1646,LA.-MONROE,175,1498,LA.-MONROE,38,1646,SOUTH ALA.,24,559,477,250,211,170,149,1,1,9,6,35,41,42,28,22,19,6,4
635,20121027,20121027-1509-1312,NORTHWESTERN,157,1509,NORTHWESTERN,28,1312,IOWA,17,470,361,84,214,349,122,2,0,7,3,10,38,49,40,20,23,4,3
635,20121027,20121027-1521-1698,OKLAHOMA ST.,178,1521,OKLAHOMA ST.,36,1698,TCU,14,631,376,324,223,147,121,2,3,5,10,33,44,40,27,22,19,8,2
635,20121027,20121027-1522-1513,OKLAHOMA,166,1522,OKLAHOMA,13,1513,NOTRE DAME,30,468,480,364,188,15,215,1,0,5,1,52,27,24,39,22,18,3,6
635,20121027,20121027-1529-1157,OREGON,165,1529,OREGON,70,1157,COLORADO,14,765,421,192,95,425,150,1,2,7,5,18,27,57,33,30,12,10,2
635,20121027,20121027-1539-1518,PENN ST.,175,1539,PENN ST.,23,1518,OHIO ST.,35,457,447,327,143,32,234,1,1,9,7,46,19,28,53,19,19,4,5
635,20121027,20121027-1545-1690,PITTSBURGH,158,1545,PITTSBURGH,47,1690,TEMPLE,17,608,473,321,195,207,129,0,2,11,3,28,28,36,40,24,22,8,3
635,20121027,20121027-1574-1664,RICE,167,1574,RICE,44,1664,SOUTHERN MISS.,17,561,426,172,256,198,116,3,5,6,1,18,31,45,49,19,19,7,3
635,20121027,20121027-1587-1331,RUTGERS,164,1587,RUTGERS,23,1331,KENT ST.,35,476,452,313,131,96,224,7,2,5,5,46,22,20,50,21,21,4,5
635,20121027,20121027-1626-1465,SAN DIEGO ST.,161,1626,SAN DIEGO ST.,24,1465,UNLV,13,562,358,231,159,275,141,3,0,7,3,26,29,54,30,24,15,4,2
635,20121027,20121027-1630-1670,SAN JOSE ST.,152,1630,SAN JOSE ST.,31,1670,TEXAS ST.,20,664,424,376,130,195,173,3,2,2,7,38,26,38,26,28,10,5,4
635,20121027,20121027-1648-1694,SOUTH CAROLINA,177,1648,SOUTH CAROLINA,38,1694,TENNESSEE,35,596,531,363,381,147,91,1,2,4,5,33,44,46,27,25,23,6,5
635,20121027,20121027-1651-1688,SOUTH FLA.,193,1651,SOUTH FLA.,36,1688,SYRACUSE,37,576,566,183,328,369,192,2,0,9,10,30,40,45,46,27,33,8,6
635,20121027,20121027-1663-1404,SMU,140,1663,SMU,44,1404,MEMPHIS,13,585,310,353,85,134,117,1,2,0,5,35,17,34,31,24,9,8,3
635,20121027,20121027-1674-1754,STANFORD,160,1674,STANFORD,24,1754,WASHINGTON ST.,17,303,434,136,403,120,-18,0,1,4,5,15,60,37,24,13,25,4,3
635,20121027,20121027-1706-1731,UTSA,174,1706,UTSA,17,1731,UTAH ST.,48,430,664,248,394,51,128,2,2,8,5,36,42,28,37,13,23,3,8
635,20121027,20121027-1718-1009,TULANE,192,1718,TULANE,55,1009,UAB,45,811,658,466,409,153,213,3,4,10,6,42,53,37,28,26,29,9,7
635,20121027,20121027-1725-1047,ARMY,168,1725,ARMY,22,1047,BALL ST.,30,482,491,38,189,341,224,1,1,2,3,6,27,62,52,21,27,4,6
635,20121027,20121027-1732-1107,UTAH,157,1732,UTAH,49,1107,CALIFORNIA,27,606,527,156,288,188,153,1,3,8,6,24,32,45,28,22,19,7,5
635,20121027,20121027-1736-1400,VANDERBILT,161,1736,VANDERBILT,49,1400,MASSACHUSETTS,7,617,478,217,210,226,54,2,3,11,11,22,41,37,32,22,16,7,1
635,20121027,20121027-1756-1528,WASHINGTON,157,1756,WASHINGTON,20,1528,OREGON ST.,17,390,495,194,318,99,109,1,4,8,6,30,45,33,23,15,19,4,3
635,20121027,20121027-1774-1503,WESTERN MICH.,185,1774,WESTERN MICH.,34,1503,NORTHERN ILL.,48,592,662,333,274,156,179,1,0,5,5,51,28,38,40,29,20,5,8
635,20121027,20121027-1796-1416,WISCONSIN,152,1796,WISCONSIN,13,1416,MICHIGAN ST.,16,276,349,171,216,19,61,0,1,2,4,22,39,37,28,10,17,3,3
635,20121027,20121027-1811-1066,WYOMING,156,1811,WYOMING,14,1066,BOISE ST.,45,408,538,216,223,54,214,1,1,1,4,36,32,32,36,18,27,2,7
636,20121101,20121101-1415-1742,MIAMI (FL),170,1415,MIAMI (FL),30,1742,VIRGINIA TECH,12,505,632,190,199,157,222,0,3,8,2,30,37,28,45,15,24,6,3
636,20121101,20121101-1519-1204,OHIO,171,1519,OHIO,45,1204,EASTERN MICH.,14,673,418,255,138,304,167,2,1,4,8,28,21,42,52,25,17,7,2
636,20121101,20121101-1772-1419,WESTERN KY.,151,1772,WESTERN KY.,29,1419,MIDDLE TENN.,34,640,564,283,118,155,224,2,0,4,2,31,17,32,50,24,19,5,6
636,20121102,20121102-1107-1756,CALIFORNIA,172,1107,CALIFORNIA,13,1756,WASHINGTON,21,550,557,201,237,249,174,4,4,6,12,36,29,42,39,23,20,3,3
636,20121103,20121103-1031-1719,ARKANSAS,159,1031,ARKANSAS,19,1719,TULSA,15,448,399,272,222,135,106,2,1,5,4,31,37,33,36,18,17,4,3
636,20121103,20121103-1037-1472,AUBURN,154,1037,AUBURN,42,1472,NEW MEXICO ST.,7,641,323,164,222,311,83,1,2,7,2,17,31,45,32,19,15,6,1
636,20121103,20121103-1051-1328,BAYLOR,189,1051,BAYLOR,41,1328,KANSAS,14,698,457,367,96,299,246,0,2,13,4,42,26,49,41,32,17,7,2
636,20121103,20121103-1066-1626,BOISE ST.,144,1066,BOISE ST.,19,1626,SAN DIEGO ST.,21,364,440,164,105,112,164,1,1,1,10,31,18,30,43,18,14,3,3
636,20121103,20121103-1086-1414,BUFFALO,169,1086,BUFFALO,27,1414,MIAMI (OH),24,477,385,137,242,215,98,2,1,4,8,25,44,39,33,21,21,5,4
636,20121103,20121103-1096-1277,FRESNO ST.,182,1096,FRESNO ST.,45,1277,HAWAII,10,601,453,329,221,151,79,1,3,8,9,33,38,44,34,18,17,7,2
636,20121103,20121103-1110-1029,UCLA,200,1110,UCLA,66,1029,ARIZONA,10,697,301,303,136,308,121,0,3,13,15,30,30,63,40,36,18,10,2
636,20121103,20121103-1128-1663,UCF,138,1128,UCF,42,1663,SMU,17,483,383,155,133,241,126,1,1,2,7,17,29,39,31,25,16,6,3
636,20121103,20121103-1129-1774,CENTRAL MICH.,161,1129,CENTRAL MICH.,31,1774,WESTERN MICH.,42,650,650,383,362,123,151,1,1,7,8,41,33,27,30,26,24,6,6
636,20121103,20121103-1140-1688,CINCINNATI,203,1140,CINCINNATI,35,1688,SYRACUSE,24,566,520,207,286,263,193,3,2,8,12,27,47,53,41,23,24,5,4
636,20121103,20121103-1157-1674,COLORADO,146,1157,COLORADO,0,1674,STANFORD,48,98,520,97,230,-21,206,3,0,5,7,23,35,21,39,6,25,0,8
636,20121103,20121103-1193-1147,DUKE,188,1193,DUKE,20,1147,CLEMSON,56,416,812,257,379,85,339,0,4,6,6,44,29,33,52,21,34,4,8
636,20121103,20121103-1196-1288,EAST CAROLINA,188,1196,EAST CAROLINA,48,1288,HOUSTON,28,692,460,305,341,245,28,2,2,7,1,44,51,54,11,31,16,8,4
636,20121103,20121103-1235-1434,FLORIDA,169,1235,FLORIDA,14,1434,MISSOURI,7,405,382,106,236,170,99,1,4,4,5,23,51,33,35,11,23,2,1
636,20121103,20121103-1257-1433,GEORGIA,155,1257,GEORGIA,37,1433,MISSISSIPPI,10,639,318,384,188,149,46,2,3,3,1,28,28,45,29,23,12,5,2
636,20121103,20121103-1295-1630,IDAHO,170,1295,IDAHO,13,1630,SAN JOSE ST.,42,349,488,207,328,81,85,2,4,3,1,37,39,37,29,12,21,3,6
636,20121103,20121103-1306-1312,INDIANA,172,1306,INDIANA,24,1312,IOWA,21,555,452,406,249,67,96,2,2,7,7,49,34,30,30,24,17,4,3
636,20121103,20121103-1311-1522,IOWA ST.,173,1311,IOWA ST.,20,1522,OKLAHOMA,35,393,646,191,405,99,188,1,2,2,7,40,45,24,40,19,34,4,5
636,20121103,20121103-1327-1521,KANSAS ST.,169,1327,KANSAS ST.,44,1521,OKLAHOMA ST.,30,751,664,290,417,191,87,0,5,2,5,28,47,43,24,25,26,8,6
636,20121103,20121103-1331-1005,KENT ST.,161,1331,KENT ST.,35,1005,AKRON,24,426,521,103,312,261,130,0,1,4,8,19,42,40,32,18,23,5,4
636,20121103,20121103-1334-1736,KENTUCKY,170,1334,KENTUCKY,0,1736,VANDERBILT,40,415,520,159,220,101,227,0,2,7,5,35,30,31,50,15,29,0,7
636,20121103,20121103-1365-1008,LSU,161,1365,LSU,17,1008,ALABAMA,21,510,336,296,165,139,166,0,2,7,1,36,27,49,25,22,18,3,3
636,20121103,20121103-1366-1706,LOUISIANA TECH,189,1366,LOUISIANA TECH,51,1706,UTSA,27,642,586,357,314,180,124,0,0,15,14,40,41,39,33,33,25,8,4
636,20121103,20121103-1367-1690,LOUISVILLE,152,1367,LOUISVILLE,45,1690,TEMPLE,17,547,577,338,54,170,255,0,4,10,6,33,16,32,43,25,17,7,3
636,20121103,20121103-1388-1404,MARSHALL,185,1388,MARSHALL,38,1404,MEMPHIS,28,457,515,341,231,92,141,1,2,4,16,44,32,27,52,24,21,6,4
636,20121103,20121103-1392-1255,MARYLAND,141,1392,MARYLAND,13,1255,GEORGIA TECH,33,406,494,115,31,144,370,2,2,4,3,18,4,44,56,17,19,2,5
636,20121103,20121103-1416-1463,MICHIGAN ST.,177,1416,MICHIGAN ST.,24,1463,NEBRASKA,28,442,500,123,160,238,313,2,3,9,9,27,36,43,40,19,23,4,4
636,20121103,20121103-1428-1418,MINNESOTA,152,1428,MINNESOTA,13,1418,MICHIGAN,35,402,437,147,234,128,155,1,1,9,7,31,18,38,41,21,18,3,5
636,20121103,20121103-1430-1697,MISSISSIPPI ST.,176,1430,MISSISSIPPI ST.,13,1697,TEXAS A&M,38,394,723,212,332,98,361,1,1,5,4,30,39,27,58,15,36,2,6
636,20121103,20121103-1465-1473,UNLV,141,1465,UNLV,35,1473,NEW MEXICO,7,581,488,289,43,241,307,3,1,5,5,27,6,24,65,21,22,5,1
636,20121103,20121103-1490-1746,NORTH CAROLINA ST.,185,1490,NORTH CAROLINA ST.,6,1746,VIRGINIA,33,322,540,197,198,19,248,5,1,7,10,46,35,24,48,17,23,1,5
636,20121103,20121103-1497-1030,NORTH TEXAS,171,1497,NORTH TEXAS,19,1030,ARKANSAS ST.,37,481,513,316,328,84,146,2,0,4,8,49,32,30,33,23,22,3,6
636,20121103,20121103-1498-1671,LA.-MONROE,165,1498,LA.-MONROE,24,1671,LA.-LAFAYETTE,40,508,649,333,373,74,234,2,2,6,4,38,32,20,49,19,28,4,6
636,20121103,20121103-1503-1400,NORTHERN ILL.,181,1503,NORTHERN ILL.,63,1400,MASSACHUSETTS,0,643,344,278,153,332,114,1,4,10,2,26,37,49,46,28,23,9,0
636,20121103,20121103-1513-1545,NOTRE DAME,199,1513,NOTRE DAME,29,1545,PITTSBURGH,26,612,478,291,164,231,144,3,0,6,7,53,29,51,33,34,13,6,6
636,20121103,20121103-1518-1301,OHIO ST.,175,1518,OHIO ST.,52,1301,ILLINOIS,22,663,405,237,96,330,74,2,1,6,6,22,34,57,32,32,15,8,4
636,20121103,20121103-1528-1028,OREGON ST.,178,1528,OREGON ST.,36,1028,ARIZONA ST.,26,551,404,267,153,157,150,2,1,6,3,33,41,39,32,19,19,7,4
636,20121103,20121103-1559-1539,PURDUE,192,1559,PURDUE,9,1539,PENN ST.,34,559,568,288,321,87,185,1,0,8,8,62,37,26,38,22,25,2,6
636,20121103,20121103-1646-1231,SOUTH ALA.,168,1646,SOUTH ALA.,20,1231,FIU,28,529,472,270,153,188,181,4,1,5,4,38,19,38,46,22,20,4,4
636,20121103,20121103-1651-1164,SOUTH FLA.,158,1651,SOUTH FLA.,13,1164,CONNECTICUT,6,351,327,202,284,81,43,1,3,5,5,32,38,34,31,17,20,3,2
636,20121103,20121103-1657-1529,SOUTHERN CALIFORNIA,191,1657,SOUTHERN CALIFORNIA,51,1529,OREGON,62,881,800,484,304,131,426,3,1,3,10,54,23,26,60,31,37,8,9
636,20121103,20121103-1664-1009,SOUTHERN MISS.,166,1664,SOUTHERN MISS.,19,1009,UAB,27,435,470,112,228,183,207,3,3,4,6,26,29,38,46,16,25,3,5
636,20121103,20121103-1694-1716,TENNESSEE,211,1694,TENNESSEE,55,1716,TROY,48,834,831,530,496,188,225,1,0,10,8,47,60,29,39,35,34,9,8
636,20121103,20121103-1700-1703,TEXAS TECH,158,1700,TEXAS TECH,22,1703,TEXAS,31,522,454,329,264,112,163,0,0,9,8,44,19,28,39,25,18,5,5
636,20121103,20121103-1718-1574,TULANE,183,1718,TULANE,47,1574,RICE,49,608,582,476,271,0,211,5,2,4,9,49,21,14,65,20,25,8,7
636,20121103,20121103-1725-1721,ARMY,175,1725,ARMY,41,1721,AIR FORCE,21,512,383,100,235,314,103,0,5,3,4,6,29,76,43,23,21,7,3
636,20121103,20121103-1726-1229,NAVY,153,1726,NAVY,24,1229,FLA. ATLANTIC,17,466,383,147,205,246,118,1,1,3,5,15,36,51,32,20,17,4,3
636,20121103,20121103-1731-1670,UTAH ST.,153,1731,UTAH ST.,38,1670,TEXAS ST.,7,639,247,325,76,268,82,3,1,2,7,28,23,47,31,24,9,6,1
636,20121103,20121103-1732-1754,UTAH,166,1732,UTAH,49,1754,WASHINGTON ST.,6,609,338,248,259,205,-4,1,2,8,6,26,54,43,13,24,14,8,1
636,20121103,20121103-1749-1067,WAKE FOREST,183,1749,WAKE FOREST,28,1067,BOSTON COLLEGE,14,445,430,293,369,116,12,1,4,9,4,57,51,32,21,22,22,4,2
636,20121103,20121103-1768-1698,WEST VIRGINIA,206,1768,WEST VIRGINIA,38,1698,TCU,39,467,515,260,279,78,126,2,3,4,7,55,30,35,45,21,17,6,6
636,20121103,20121103-1811-1156,WYOMING,177,1811,WYOMING,45,1156,COLORADO ST.,31,647,570,240,387,228,125,0,3,5,10,34,32,57,26,32,21,7,5
636,20121106,20121106-1709-1047,TOLEDO,177,1709,TOLEDO,27,1047,BALL ST.,34,618,603,215,280,311,166,1,3,10,3,27,42,51,33,25,29,5,6
637,20121107,20121107-1519-1071,OHIO,156,1519,OHIO,14,1071,BOWLING GREEN,26,362,381,145,91,99,197,0,0,2,8,34,17,44,36,22,13,2,4
637,20121108,20121108-1030-1498,ARKANSAS ST.,170,1030,ARKANSAS ST.,45,1498,LA.-MONROE,23,623,605,334,357,200,76,1,2,5,5,34,53,34,27,22,24,7,4
637,20121108,20121108-1742-1234,VIRGINIA TECH,166,1742,VIRGINIA TECH,22,1234,FLORIDA ST.,28,460,429,298,326,87,-15,3,2,6,5,34,42,36,25,16,21,4,5
637,20121109,20121109-1164-1545,CONNECTICUT,150,1164,CONNECTICUT,24,1545,PITTSBURGH,17,467,434,213,302,132,48,1,0,4,3,25,34,42,25,20,18,4,3
637,20121110,20121110-1005-1400,AKRON,179,1005,AKRON,14,1400,MASSACHUSETTS,22,483,478,332,266,95,61,5,2,12,5,51,39,27,33,24,21,2,5
637,20121110,20121110-1008-1697,ALABAMA,166,1008,ALABAMA,24,1697,TEXAS A&M,29,471,523,309,253,122,165,3,0,6,4,34,31,31,46,17,23,4,5
637,20121110,20121110-1009-1388,UAB,176,1009,UAB,38,1388,MARSHALL,31,609,414,197,216,209,121,4,1,5,2,34,34,42,41,25,18,6,5
637,20121110,20121110-1029-1157,ARIZONA,155,1029,ARIZONA,56,1157,COLORADO,31,662,560,136,213,438,224,1,1,4,11,14,20,38,56,21,24,8,5
637,20121110,20121110-1037-1257,AUBURN,139,1037,AUBURN,0,1257,GEORGIA,38,279,504,181,208,57,289,2,0,3,3,22,25,27,42,11,24,0,6
637,20121110,20121110-1067-1513,BOSTON COLLEGE,150,1067,BOSTON COLLEGE,6,1513,NOTRE DAME,21,356,468,247,209,53,184,2,2,6,8,43,25,23,40,20,21,2,3
637,20121110,20121110-1077-1295,BYU,174,1077,BYU,52,1295,IDAHO,13,613,336,285,212,252,61,2,5,4,5,42,38,45,23,29,15,8,3
637,20121110,20121110-1086-1774,BUFFALO,189,1086,BUFFALO,29,1774,WESTERN MICH.,24,572,506,285,275,168,101,1,5,11,7,33,38,49,32,22,19,6,4
637,20121110,20121110-1107-1529,CALIFORNIA,177,1107,CALIFORNIA,17,1529,OREGON,59,561,701,113,395,236,180,3,0,7,11,21,37,40,48,19,32,3,9
637,20121110,20121110-1147-1392,CLEMSON,154,1147,CLEMSON,45,1392,MARYLAND,10,565,255,301,41,135,139,3,3,1,3,34,12,42,43,27,10,7,2
637,20121110,20121110-1156-1465,COLORADO ST.,155,1156,COLORADO ST.,33,1465,UNLV,11,474,410,109,121,231,98,1,4,4,2,27,34,40,29,18,14,6,2
637,20121110,20121110-1204-1129,EASTERN MICH.,155,1204,EASTERN MICH.,31,1129,CENTRAL MICH.,34,450,489,120,284,294,119,2,1,7,4,26,34,42,28,21,18,5,6
637,20121110,20121110-1235-1671,FLORIDA,146,1235,FLORIDA,27,1671,LA.-LAFAYETTE,20,438,385,162,171,149,96,0,1,10,5,26,23,34,30,16,12,5,4
637,20121110,20121110-1277-1066,HAWAII,174,1277,HAWAII,14,1066,BOISE ST.,49,466,547,254,256,-14,155,5,0,5,8,36,33,33,42,15,20,2,7
637,20121110,20121110-1288-1719,HOUSTON,195,1288,HOUSTON,7,1719,TULSA,41,384,552,184,155,78,350,4,2,8,5,40,32,32,60,16,28,1,7
637,20121110,20121110-1301-1428,ILLINOIS,148,1301,ILLINOIS,3,1428,MINNESOTA,17,322,325,175,78,101,231,2,0,6,5,25,15,35,50,13,18,1,3
637,20121110,20121110-1306-1796,INDIANA,169,1306,INDIANA,14,1796,WISCONSIN,62,402,716,233,41,61,564,3,0,3,4,47,7,23,64,15,23,2,10
637,20121110,20121110-1312-1559,IOWA,176,1312,IOWA,24,1559,PURDUE,27,357,529,190,279,74,211,0,3,2,10,36,35,31,44,16,26,4,5
637,20121110,20121110-1365-1430,LSU,153,1365,LSU,37,1430,MISSISSIPPI ST.,17,584,493,273,304,119,47,1,2,2,4,30,39,38,24,22,21,7,3
637,20121110,20121110-1404-1718,MEMPHIS,162,1404,MEMPHIS,37,1718,TULANE,23,464,421,276,211,110,80,3,5,6,10,20,44,44,29,23,23,6,5
637,20121110,20121110-1414-1331,MIAMI (OH),160,1414,MIAMI (OH),32,1331,KENT ST.,48,563,583,455,147,26,399,2,2,6,6,50,16,16,48,24,24,5,8
637,20121110,20121110-1418-1509,MICHIGAN,166,1418,MICHIGAN,38,1509,NORTHWESTERN,31,561,609,286,183,133,248,2,1,2,8,30,21,32,58,21,27,6,5
637,20121110,20121110-1433-1736,MISSISSIPPI,193,1433,MISSISSIPPI,26,1736,VANDERBILT,27,547,421,403,279,55,92,0,1,7,3,50,36,40,35,24,17,6,5
637,20121110,20121110-1457-1255,NORTH CAROLINA,177,1457,NORTH CAROLINA,50,1255,GEORGIA TECH,68,800,852,350,208,147,380,2,1,4,4,35,12,34,67,23,28,7,11
637,20121110,20121110-1463-1539,NEBRASKA,176,1463,NEBRASKA,32,1539,PENN ST.,23,483,457,171,240,267,151,2,3,7,8,20,37,57,34,21,18,6,5
637,20121110,20121110-1466-1096,NEVADA,196,1466,NEVADA,36,1096,FRESNO ST.,52,629,666,214,220,190,280,4,1,4,5,39,35,50,44,27,26,5,8
637,20121110,20121110-1472-1630,NEW MEXICO ST.,155,1472,NEW MEXICO ST.,7,1630,SAN JOSE ST.,47,300,627,100,301,120,203,4,1,3,8,29,26,38,35,15,18,1,8
637,20121110,20121110-1473-1811,NEW MEXICO,165,1473,NEW MEXICO,23,1811,WYOMING,28,629,484,155,374,396,55,1,0,5,6,15,32,63,28,28,17,4,4
637,20121110,20121110-1490-1749,NORTH CAROLINA ST.,189,1490,NORTH CAROLINA ST.,37,1749,WAKE FOREST,6,628,259,258,169,170,16,2,2,3,4,43,40,51,23,26,9,7,1
637,20121110,20121110-1497-1646,NORTH TEXAS,179,1497,NORTH TEXAS,24,1646,SOUTH ALA.,14,312,479,106,233,197,133,1,2,6,11,28,45,32,40,12,24,4,2
637,20121110,20121110-1521-1768,OKLAHOMA ST.,192,1521,OKLAHOMA ST.,55,1768,WEST VIRGINIA,34,635,553,292,401,151,78,1,2,11,7,31,56,35,35,21,26,9,6
637,20121110,20121110-1522-1051,OKLAHOMA,186,1522,OKLAHOMA,42,1051,BAYLOR,34,546,464,277,172,183,252,2,0,7,7,36,33,40,51,28,25,6,6
637,20121110,20121110-1587-1725,RUTGERS,159,1587,RUTGERS,28,1725,ARMY,7,372,458,139,55,113,282,1,3,7,2,18,17,34,68,14,22,4,1
637,20121110,20121110-1626-1721,SAN DIEGO ST.,162,1626,SAN DIEGO ST.,28,1721,AIR FORCE,9,374,433,90,73,178,320,2,4,1,1,18,19,41,68,15,24,4,2
637,20121110,20121110-1648-1031,SOUTH CAROLINA,159,1648,SOUTH CAROLINA,38,1031,ARKANSAS,20,477,425,279,277,104,83,1,3,5,7,25,41,41,27,20,22,6,4
637,20121110,20121110-1657-1028,SOUTHERN CALIFORNIA,169,1657,SOUTHERN CALIFORNIA,38,1028,ARIZONA ST.,17,474,449,222,179,225,71,5,4,4,7,33,33,43,35,23,15,6,3
637,20121110,20121110-1663-1664,SMU,155,1663,SMU,34,1664,SOUTHERN MISS.,6,579,218,249,127,186,51,0,2,6,6,44,31,30,22,20,10,6,1
637,20121110,20121110-1670-1366,TEXAS ST.,215,1670,TEXAS ST.,55,1366,LOUISIANA TECH,62,719,665,281,344,296,283,0,0,13,5,38,46,39,55,31,38,8,9
637,20121110,20121110-1674-1528,STANFORD,160,1674,STANFORD,27,1528,OREGON ST.,23,465,341,254,226,163,86,4,1,8,2,29,39,39,28,22,20,4,5
637,20121110,20121110-1688-1367,SYRACUSE,169,1688,SYRACUSE,45,1367,LOUISVILLE,26,699,526,246,424,278,48,0,2,7,6,23,50,52,17,23,23,7,5
637,20121110,20121110-1690-1140,TEMPLE,153,1690,TEMPLE,10,1140,CINCINNATI,34,400,507,142,244,125,228,1,0,4,2,32,21,35,40,15,18,2,6
637,20121110,20121110-1694-1434,TENNESSEE,207,1694,TENNESSEE,48,1434,MISSOURI,51,741,598,432,226,153,228,1,2,11,2,55,33,36,49,32,20,7,8
637,20121110,20121110-1698-1327,TCU,146,1698,TCU,10,1327,KANSAS ST.,23,346,356,178,145,96,115,2,2,4,1,33,21,33,34,15,12,2,5
637,20121110,20121110-1700-1328,TEXAS TECH,186,1700,TEXAS TECH,41,1328,KANSAS,34,634,504,508,29,63,390,1,0,7,3,61,15,22,57,29,19,7,6
637,20121110,20121110-1703-1311,TEXAS,159,1703,TEXAS,33,1311,IOWA ST.,7,614,393,387,133,222,144,0,2,3,3,32,29,45,31,31,15,6,1
637,20121110,20121110-1704-1128,UTEP,157,1704,UTEP,24,1128,UCF,31,414,424,79,214,267,188,4,1,2,2,11,28,53,41,17,20,4,5
637,20121110,20121110-1716-1726,TROY,166,1716,TROY,41,1726,NAVY,31,680,601,415,159,182,328,2,2,4,3,40,15,36,54,32,21,7,5
637,20121110,20121110-1746-1415,VIRGINIA,171,1746,VIRGINIA,41,1415,MIAMI (FL),40,605,677,388,187,94,233,1,1,6,6,52,26,33,33,27,20,6,6
637,20121110,20121110-1754-1110,WASHINGTON ST.,180,1754,WASHINGTON ST.,36,1110,UCLA,44,644,516,457,261,67,73,3,3,9,12,57,21,30,38,30,18,5,6
637,20121110,20121110-1756-1732,WASHINGTON,155,1756,WASHINGTON,34,1732,UTAH,15,494,263,277,55,160,133,1,2,8,6,33,23,42,30,22,9,5,2
637,20121110,20121110-1772-1229,WESTERN KY.,167,1772,WESTERN KY.,28,1229,FLA. ATLANTIC,37,535,470,169,257,119,78,4,1,4,11,26,36,34,39,15,19,4,6
638,20121114,20121114-1047-1519,BALL ST.,166,1047,BALL ST.,52,1519,OHIO,27,722,671,231,252,357,231,0,1,1,5,28,34,39,40,29,20,8,5
638,20121114,20121114-1503-1709,NORTHERN ILL.,168,1503,NORTHERN ILL.,31,1709,TOLEDO,24,653,521,407,265,189,131,3,4,5,3,36,33,42,38,28,25,5,4
638,20121115,20121115-1746-1457,VIRGINIA,173,1746,VIRGINIA,13,1457,NORTH CAROLINA,37,511,524,205,319,145,127,2,1,6,7,33,38,42,33,17,25,3,6
638,20121116,20121116-1229-1231,FLA. ATLANTIC,170,1229,FLA. ATLANTIC,24,1231,FIU,34,451,686,403,264,-12,167,1,1,6,8,51,28,19,39,17,20,4,5
638,20121116,20121116-1721-1277,AIR FORCE,152,1721,AIR FORCE,21,1277,HAWAII,7,417,254,0,125,338,37,2,1,2,4,0,29,68,31,14,10,3,1
638,20121117,20121117-1009-1404,UAB,157,1009,UAB,9,1404,MEMPHIS,46,236,498,187,160,26,173,2,2,6,5,42,17,28,42,16,20,2,7
638,20121117,20121117-1028-1754,ARIZONA ST.,190,1028,ARIZONA ST.,46,1754,WASHINGTON ST.,7,621,326,301,240,260,1,2,2,4,5,32,49,61,19,32,14,7,1
638,20121117,20121117-1051-1327,BAYLOR,190,1051,BAYLOR,52,1327,KANSAS ST.,24,672,526,238,286,342,76,2,3,5,7,32,51,49,31,29,21,8,4
638,20121117,20121117-1066-1156,BOISE ST.,146,1066,BOISE ST.,42,1156,COLORADO ST.,14,621,304,234,72,269,157,2,3,6,7,22,20,41,35,25,10,6,2
638,20121117,20121117-1067-1742,BOSTON COLLEGE,189,1067,BOSTON COLLEGE,23,1742,VIRGINIA TECH,30,420,595,129,247,167,154,1,0,4,8,30,33,45,48,20,18,5,6
638,20121117,20121117-1071-1331,BOWLING GREEN,160,1071,BOWLING GREEN,24,1331,KENT ST.,31,564,482,355,91,83,334,3,3,3,4,44,17,31,42,19,14,4,5
638,20121117,20121117-1110-1657,UCLA,185,1110,UCLA,38,1657,SOUTHERN CALIFORNIA,28,510,542,234,341,172,172,1,3,12,6,30,43,50,30,27,29,6,4
638,20121117,20121117-1129-1414,CENTRAL MICH.,161,1129,CENTRAL MICH.,30,1414,MIAMI (OH),16,483,515,202,360,184,74,1,2,4,5,23,44,36,36,19,21,4,3
638,20121117,20121117-1140-1587,CINCINNATI,146,1140,CINCINNATI,3,1587,RUTGERS,10,388,438,251,186,90,234,2,2,4,7,31,20,28,47,16,19,1,2
638,20121117,20121117-1147-1490,CLEMSON,223,1147,CLEMSON,62,1490,NORTH CAROLINA ST.,48,797,941,426,493,328,104,2,2,4,4,44,53,58,35,34,24,10,8
638,20121117,20121117-1157-1756,COLORADO,146,1157,COLORADO,3,1756,WASHINGTON,38,292,493,51,248,90,228,5,1,5,8,23,29,31,38,10,22,1,6
638,20121117,20121117-1255-1193,GEORGIA TECH,165,1255,GEORGIA TECH,42,1193,DUKE,24,493,425,119,198,330,77,0,1,6,5,14,36,72,22,28,15,6,4
638,20121117,20121117-1257-1253,GEORGIA,149,1257,GEORGIA,45,1253,GA. SOUTHERN,14,519,449,354,16,120,302,1,2,5,3,31,4,36,58,24,19,7,2
638,20121117,20121117-1295-1706,IDAHO,170,1295,IDAHO,27,1706,UTSA,34,466,527,342,232,127,192,3,1,12,5,40,36,27,37,22,21,5,6
638,20121117,20121117-1301-1559,ILLINOIS,171,1301,ILLINOIS,17,1559,PURDUE,20,463,460,160,191,173,207,3,0,4,8,38,28,39,37,24,18,3,4
638,20121117,20121117-1328-1311,KANSAS,173,1328,KANSAS,23,1311,IOWA ST.,51,570,628,189,307,252,241,4,1,1,5,25,34,48,42,23,27,4,9
638,20121117,20121117-1365-1433,LSU,187,1365,LSU,41,1433,MISSISSIPPI,35,603,585,282,316,145,147,3,4,6,6,38,37,38,41,21,20,7,5
638,20121117,20121117-1366-1731,LOUISIANA TECH,222,1366,LOUISIANA TECH,41,1731,UTAH ST.,48,877,785,396,340,233,306,3,0,9,8,61,34,47,45,37,27,7,8
638,20121117,20121117-1388-1288,MARSHALL,216,1388,MARSHALL,44,1288,HOUSTON,41,755,678,377,325,288,105,2,1,7,5,50,46,56,32,37,23,8,7
638,20121117,20121117-1392-1234,MARYLAND,145,1392,MARYLAND,14,1234,FLORIDA ST.,41,320,467,136,160,34,237,2,2,3,7,19,26,34,41,10,21,2,7
638,20121117,20121117-1400-1086,MASSACHUSETTS,175,1400,MASSACHUSETTS,19,1086,BUFFALO,29,415,542,215,237,49,168,2,2,2,10,40,31,35,41,20,20,4,4
638,20121117,20121117-1415-1651,MIAMI (FL),169,1415,MIAMI (FL),40,1651,SOUTH FLA.,9,579,449,463,204,85,154,1,3,9,7,37,43,30,29,22,22,8,3
638,20121117,20121117-1416-1509,MICHIGAN ST.,182,1416,MICHIGAN ST.,20,1509,NORTHWESTERN,23,523,412,297,246,122,57,4,0,2,3,47,43,39,27,23,17,3,5
638,20121117,20121117-1418-1312,MICHIGAN,140,1418,MICHIGAN,42,1312,IOWA,17,546,447,314,181,199,128,1,0,3,3,23,26,39,34,23,17,6,3
638,20121117,20121117-1430-1031,MISSISSIPPI ST.,159,1430,MISSISSIPPI ST.,45,1031,ARKANSAS,14,558,466,302,233,203,126,1,5,5,9,34,30,36,33,24,19,7,2
638,20121117,20121117-1434-1688,MISSOURI,179,1434,MISSOURI,27,1688,SYRACUSE,31,567,569,364,385,120,123,1,1,8,5,31,40,41,36,25,25,5,5
638,20121117,20121117-1463-1428,NEBRASKA,168,1463,NEBRASKA,38,1428,MINNESOTA,14,522,223,311,90,133,87,2,2,5,4,33,28,47,29,25,11,6,2
638,20121117,20121117-1465-1811,UNLV,165,1465,UNLV,23,1811,WYOMING,28,491,569,268,412,158,95,1,0,5,4,36,33,40,32,22,22,4,4
638,20121117,20121117-1473-1466,NEW MEXICO,152,1473,NEW MEXICO,24,1466,NEVADA,31,454,525,0,133,352,358,1,1,4,5,2,27,50,50,14,22,4,5
638,20121117,20121117-1498-1497,LA.-MONROE,173,1498,LA.-MONROE,42,1497,NORTH TEXAS,16,578,544,357,323,161,144,1,2,5,3,40,46,31,36,26,30,6,3
638,20121117,20121117-1513-1749,NOTRE DAME,152,1513,NOTRE DAME,38,1749,WAKE FOREST,0,614,315,363,154,221,55,1,1,5,3,36,35,30,25,23,9,6,0
638,20121117,20121117-1521-1700,OKLAHOMA ST.,171,1521,OKLAHOMA ST.,59,1700,TEXAS TECH,21,609,439,231,284,256,99,0,3,5,8,22,42,42,34,23,20,9,3
638,20121117,20121117-1528-1107,OREGON ST.,178,1528,OREGON ST.,62,1107,CALIFORNIA,14,597,484,359,132,200,190,1,4,5,15,39,31,35,40,35,17,9,2
638,20121117,20121117-1529-1674,OREGON,187,1529,OREGON,14,1674,STANFORD,17,463,506,207,211,198,200,1,3,5,5,37,36,40,46,20,21,2,3
638,20121117,20121117-1539-1306,PENN ST.,190,1539,PENN ST.,45,1306,INDIANA,22,672,569,395,454,151,24,2,2,4,3,32,59,44,26,24,23,7,5
638,20121117,20121117-1574-1663,RICE,157,1574,RICE,36,1663,SMU,14,435,382,297,214,126,103,0,2,4,4,37,27,40,28,23,16,8,2
638,20121117,20121117-1630-1077,SAN JOSE ST.,173,1630,SAN JOSE ST.,20,1077,BYU,14,401,481,305,335,59,87,1,3,5,4,34,51,32,33,17,24,3,2
638,20121117,20121117-1646-1419,SOUTH ALA.,162,1646,SOUTH ALA.,12,1419,MIDDLE TENN.,20,395,495,189,233,149,212,4,0,1,7,30,29,40,41,17,21,3,4
638,20121117,20121117-1664-1704,SOUTHERN MISS.,144,1664,SOUTHERN MISS.,33,1704,UTEP,34,626,601,374,189,158,170,1,0,6,2,22,18,38,42,19,16,6,6
638,20121117,20121117-1671-1772,LA.-LAFAYETTE,158,1671,LA.-LAFAYETTE,31,1772,WESTERN KY.,27,686,536,258,149,324,266,4,1,4,5,33,19,34,51,28,25,5,5
638,20121117,20121117-1716-1030,TROY,183,1716,TROY,34,1030,ARKANSAS ST.,41,623,680,447,369,71,226,1,1,11,5,38,42,33,41,23,33,7,6
638,20121117,20121117-1718-1196,TULANE,177,1718,TULANE,23,1196,EAST CAROLINA,28,419,509,293,215,9,172,0,2,5,7,57,33,22,37,22,20,5,4
638,20121117,20121117-1719-1128,TULSA,179,1719,TULSA,23,1128,UCF,21,506,389,252,169,209,66,2,0,0,3,34,31,53,34,26,14,4,3
638,20121117,20121117-1725-1690,ARMY,156,1725,ARMY,32,1690,TEMPLE,63,544,661,88,31,407,534,2,0,5,2,9,4,62,57,22,25,5,9
638,20121117,20121117-1726-1670,NAVY,163,1726,NAVY,21,1670,TEXAS ST.,10,471,513,35,290,407,115,1,1,3,3,8,42,62,32,26,17,3,2
638,20121117,20121117-1732-1029,UTAH,169,1732,UTAH,24,1029,ARIZONA,34,505,513,313,160,136,320,1,2,3,3,41,27,36,46,21,27,4,6
638,20121117,20121117-1736-1694,VANDERBILT,178,1736,VANDERBILT,41,1694,TENNESSEE,18,574,541,248,154,194,149,1,3,12,9,28,41,40,33,15,19,7,3
638,20121117,20121117-1768-1522,WEST VIRGINIA,194,1768,WEST VIRGINIA,49,1522,OKLAHOMA,50,946,853,320,554,458,108,2,2,5,8,35,51,47,31,32,30,8,8
638,20121117,20121117-1774-1204,WESTERN MICH.,164,1774,WESTERN MICH.,23,1204,EASTERN MICH.,29,536,515,328,174,115,195,2,0,7,4,50,22,20,49,24,20,5,6
638,20121117,20121117-1796-1518,WISCONSIN,169,1796,WISCONSIN,14,1518,OHIO ST.,21,417,322,154,97,206,139,1,0,3,2,27,18,56,41,20,15,2,3
638,20121120,20121120-1709-1005,TOLEDO,176,1709,TOLEDO,35,1005,AKRON,23,539,472,327,265,132,67,2,1,10,11,35,46,34,30,24,23,5,4
639,20121122,20121122-1703-1698,TEXAS,150,1703,TEXAS,13,1698,TCU,20,422,416,214,82,86,217,4,1,4,6,38,10,33,48,22,15,3,4
639,20121123,20121123-1029-1028,ARIZONA,210,1029,ARIZONA,34,1028,ARIZONA ST.,41,585,553,230,191,292,269,4,2,1,7,39,29,57,55,36,24,6,7
639,20121123,20121123-1031-1365,ARKANSAS,169,1031,ARKANSAS,13,1365,LSU,20,544,418,359,217,103,89,2,0,5,4,53,29,24,38,24,16,3,4
639,20121123,20121123-1071-1086,NEUTRAL,158,1071,BOWLING GREEN,21,1086,BUFFALO,7,310,307,228,168,82,29,3,1,4,4,30,31,42,29,18,11,3,1
639,20121123,20121123-1140-1651,CINCINNATI,169,1140,CINCINNATI,27,1651,SOUTH FLA.,10,434,362,178,176,194,130,0,2,4,1,27,39,40,38,18,22,4,2
639,20121123,20121123-1157-1732,COLORADO,178,1157,COLORADO,35,1732,UTAH,42,572,510,306,128,112,208,5,1,4,5,52,25,35,36,25,18,5,7
639,20121123,20121123-1196-1388,EAST CAROLINA,218,1196,EAST CAROLINA,65,1388,MARSHALL,59,716,674,439,419,116,214,0,3,3,7,48,55,38,45,31,36,10,9
639,20121123,20121123-1204-1503,EASTERN MICH.,150,1204,EASTERN MICH.,7,1503,NORTHERN ILL.,49,314,582,133,173,94,242,1,0,3,3,24,27,37,39,15,24,1,7
639,20121123,20121123-1311-1768,IOWA ST.,177,1311,IOWA ST.,24,1768,WEST VIRGINIA,31,497,586,162,236,234,239,1,0,5,11,31,31,46,41,24,24,4,6
639,20121123,20121123-1312-1463,IOWA,151,1312,IOWA,7,1463,NEBRASKA,13,237,289,92,63,108,200,2,2,1,2,24,14,39,53,13,16,1,3
639,20121123,20121123-1331-1519,KENT ST.,171,1331,KENT ST.,28,1519,OHIO,6,481,368,170,232,207,107,2,2,1,3,20,37,38,50,15,22,4,2
639,20121123,20121123-1400-1129,MASSACHUSETTS,157,1400,MASSACHUSETTS,21,1129,CENTRAL MICH.,42,452,467,253,82,64,262,4,1,7,4,46,19,26,42,18,18,3,6
639,20121123,20121123-1414-1047,MIAMI (OH),172,1414,MIAMI (OH),24,1047,BALL ST.,31,319,458,218,137,103,226,1,0,2,4,40,22,25,58,22,24,4,5
639,20121123,20121123-1690-1688,TEMPLE,164,1690,TEMPLE,20,1688,SYRACUSE,38,441,526,173,215,167,260,4,2,7,10,23,28,37,49,17,24,4,6
639,20121123,20121123-1754-1756,WASHINGTON ST.,179,1754,WASHINGTON ST.,31,1756,WASHINGTON,28,450,352,350,194,19,75,4,2,8,18,53,34,24,33,25,17,6,4
639,20121124,20121124-1008-1037,ALABAMA,139,1008,ALABAMA,49,1037,AUBURN,0,531,311,216,71,267,92,1,3,2,8,22,15,47,32,25,7,7,0
639,20121124,20121124-1096-1721,FRESNO ST.,177,1096,FRESNO ST.,48,1721,AIR FORCE,15,638,427,479,63,124,254,1,3,3,3,34,10,43,68,26,18,8,2
639,20121124,20121124-1110-1674,UCLA,175,1110,UCLA,17,1674,STANFORD,35,445,447,261,160,73,221,2,1,12,6,38,22,33,49,13,19,3,5
639,20121124,20121124-1128-1009,UCF,166,1128,UCF,49,1009,UAB,24,686,651,244,510,229,89,0,2,3,3,24,56,39,27,23,26,7,4
639,20121124,20121124-1147-1648,CLEMSON,174,1147,CLEMSON,17,1648,SOUTH CAROLINA,27,328,577,183,310,145,134,2,1,7,12,24,41,35,45,18,26,3,5
639,20121124,20121124-1156-1473,COLORADO ST.,143,1156,COLORADO ST.,24,1473,NEW MEXICO,20,452,482,254,205,159,137,1,0,4,4,26,21,36,37,26,17,4,4
639,20121124,20121124-1193-1415,DUKE,194,1193,DUKE,45,1415,MIAMI (FL),52,677,759,432,398,151,248,0,0,5,11,62,27,32,40,30,22,7,8
639,20121124,20121124-1231-1498,FIU,172,1231,FIU,17,1498,LA.-MONROE,23,489,325,226,226,136,9,2,1,2,4,31,42,45,27,17,15,3,4
639,20121124,20121124-1234-1235,FLORIDA ST.,161,1234,FLORIDA ST.,26,1235,FLORIDA,37,487,516,188,150,112,244,5,1,3,12,36,25,25,47,20,21,5,7
639,20121124,20121124-1257-1255,GEORGIA,158,1257,GEORGIA,42,1255,GEORGIA TECH,10,541,441,215,120,164,306,0,2,5,4,18,21,31,67,18,26,6,2
639,20121124,20121124-1277-1465,HAWAII,176,1277,HAWAII,48,1465,UNLV,10,525,383,201,166,139,37,0,3,4,8,27,43,49,24,18,11,8,2
639,20121124,20121124-1288-1718,HOUSTON,206,1288,HOUSTON,40,1718,TULANE,17,726,513,370,346,221,43,3,6,8,6,47,66,39,21,22,20,8,3
639,20121124,20121124-1367-1164,LOUISVILLE,195,1367,LOUISVILLE,20,1164,CONNECTICUT,23,489,272,374,92,27,149,1,1,5,4,65,28,28,39,23,12,4,5
639,20121124,20121124-1404-1664,MEMPHIS,146,1404,MEMPHIS,42,1664,SOUTHERN MISS.,24,599,313,162,193,275,95,1,1,10,5,18,27,44,32,23,16,6,4
639,20121124,20121124-1419-1716,MIDDLE TENN.,176,1419,MIDDLE TENN.,24,1716,TROY,21,586,611,176,281,152,191,2,5,3,1,37,48,27,39,10,23,5,3
639,20121124,20121124-1428-1416,MINNESOTA,144,1428,MINNESOTA,10,1416,MICHIGAN ST.,26,323,557,92,143,4,278,4,2,1,5,30,29,19,44,7,21,2,6
639,20121124,20121124-1433-1430,MISSISSIPPI,170,1433,MISSISSIPPI,41,1430,MISSISSIPPI ST.,24,656,516,294,303,233,30,3,2,4,5,22,39,56,25,28,17,7,4
639,20121124,20121124-1457-1392,NORTH CAROLINA,182,1457,NORTH CAROLINA,45,1392,MARYLAND,38,718,550,305,216,189,188,1,1,11,3,40,36,37,37,27,21,7,6
639,20121124,20121124-1472-1077,NEW MEXICO ST.,165,1472,NEW MEXICO ST.,14,1077,BYU,50,240,657,158,384,29,136,0,0,6,4,24,50,27,35,10,29,2,8
639,20121124,20121124-1490-1067,NORTH CAROLINA ST.,183,1490,NORTH CAROLINA ST.,27,1067,BOSTON COLLEGE,10,510,375,245,123,131,199,1,3,5,4,41,45,39,29,17,17,4,2
639,20121124,20121124-1509-1301,NORTHWESTERN,148,1509,NORTHWESTERN,50,1301,ILLINOIS,14,631,394,112,116,338,126,2,4,2,8,16,18,67,27,29,12,8,2
639,20121124,20121124-1518-1418,OHIO ST.,142,1518,OHIO ST.,26,1418,MICHIGAN,21,474,340,189,171,207,108,2,4,9,5,18,20,52,27,22,13,6,3
639,20121124,20121124-1522-1521,OKLAHOMA,213,1522,OKLAHOMA,51,1521,OKLAHOMA ST.,48,738,640,512,289,106,201,2,1,3,6,73,38,30,41,44,23,9,8
639,20121124,20121124-1528-1529,OREGON ST.,189,1528,OREGON ST.,24,1529,OREGON,48,529,630,311,140,82,430,6,0,4,9,49,24,25,64,22,25,4,7
639,20121124,20121124-1539-1796,PENN ST.,179,1539,PENN ST.,24,1796,WISCONSIN,21,429,460,200,191,163,158,0,1,2,4,37,25,45,43,20,16,5,3
639,20121124,20121124-1545-1587,PITTSBURGH,170,1545,PITTSBURGH,27,1587,RUTGERS,6,435,324,227,157,138,50,1,1,5,6,39,38,37,24,22,13,5,1
639,20121124,20121124-1559-1306,PURDUE,191,1559,PURDUE,56,1306,INDIANA,35,775,704,373,348,185,164,1,4,4,9,32,53,38,35,23,22,8,5
639,20121124,20121124-1630-1366,SAN JOSE ST.,190,1630,SAN JOSE ST.,52,1366,LOUISIANA TECH,43,801,727,367,483,243,58,2,3,8,5,37,60,41,22,30,27,8,7
639,20121124,20121124-1657-1513,SOUTHERN CALIFORNIA,142,1657,SOUTHERN CALIFORNIA,13,1513,NOTRE DAME,22,383,526,186,217,95,222,2,0,3,7,24,27,27,42,19,24,3,6
639,20121124,20121124-1663-1719,SMU,193,1663,SMU,35,1719,TULSA,27,383,664,113,413,192,178,0,3,7,4,27,65,35,38,13,32,5,4
639,20121124,20121124-1671-1646,LA.-LAFAYETTE,173,1671,LA.-LAFAYETTE,52,1646,SOUTH ALA.,30,619,521,362,360,176,54,1,1,9,11,24,44,42,28,24,21,8,6
639,20121124,20121124-1694-1334,TENNESSEE,176,1694,TENNESSEE,37,1334,KENTUCKY,17,526,511,293,245,164,167,0,0,7,3,34,47,32,37,23,23,6,3
639,20121124,20121124-1697-1434,TEXAS A&M,197,1697,TEXAS A&M,59,1434,MISSOURI,29,735,600,410,276,237,189,1,2,4,9,50,38,42,36,33,21,9,5
639,20121124,20121124-1700-1051,NEUTRAL,196,1700,TEXAS TECH,45,1051,BAYLOR,52,692,900,359,396,208,278,4,0,7,6,41,37,32,57,27,32,7,8
639,20121124,20121124-1704-1574,UTEP,169,1704,UTEP,24,1574,RICE,33,456,665,295,207,148,246,0,2,2,1,27,30,32,55,17,25,4,6
639,20121124,20121124-1706-1670,UTSA,172,1706,UTSA,38,1670,TEXAS ST.,31,619,518,200,324,299,68,3,2,13,3,31,43,40,32,26,28,6,5
639,20121124,20121124-1731-1295,UTAH ST.,157,1731,UTAH ST.,45,1295,IDAHO,9,458,281,117,52,133,158,2,4,5,7,26,26,31,47,19,15,7,3
639,20121124,20121124-1742-1746,VIRGINIA TECH,179,1742,VIRGINIA TECH,17,1746,VIRGINIA,14,325,287,129,187,174,30,1,2,1,4,38,36,57,20,23,7,3,2
639,20121124,20121124-1749-1736,WAKE FOREST,165,1749,WAKE FOREST,21,1736,VANDERBILT,55,394,587,186,229,124,203,2,3,4,6,38,23,44,34,19,19,3,9
639,20121124,20121124-1772-1497,WESTERN KY.,149,1772,WESTERN KY.,25,1497,NORTH TEXAS,24,518,450,173,146,215,153,3,2,5,2,29,25,31,40,16,16,5,4
639,20121124,20121124-1811-1626,WYOMING,168,1811,WYOMING,28,1626,SAN DIEGO ST.,42,450,621,260,164,122,400,1,3,2,8,36,24,36,48,22,29,4,6
640,20121129,20121129-1587-1367,RUTGERS,149,1587,RUTGERS,17,1367,LOUISVILLE,20,443,445,284,322,54,42,3,1,3,6,28,39,17,41,9,22,3,4
640,20121130,20121130-1331-1503,NEUTRAL,199,1331,KENT ST.,37,1503,NORTHERN ILL.,44,393,608,190,212,70,312,2,3,0,8,37,34,42,56,17,25,7,8
640,20121130,20121130-1674-1110,STANFORD,164,1674,STANFORD,27,1110,UCLA,24,508,520,155,177,170,284,0,1,5,7,23,32,43,38,18,22,5,4
640,20121201,20121201-1030-1419,ARKANSAS ST.,140,1030,ARKANSAS ST.,45,1419,MIDDLE TENN.,0,562,265,238,114,274,89,0,2,1,4,21,26,47,29,26,12,7,0
640,20121201,20121201-1051-1521,BAYLOR,213,1051,BAYLOR,41,1521,OKLAHOMA ST.,34,826,637,296,342,319,218,1,2,9,5,39,53,55,37,32,32,7,6
640,20121201,20121201-1164-1140,CONNECTICUT,168,1164,CONNECTICUT,17,1140,CINCINNATI,34,493,507,337,284,36,72,3,1,9,7,47,30,29,32,19,18,3,6
640,20121201,20121201-1229-1671,FLA. ATLANTIC,163,1229,FLA. ATLANTIC,21,1671,LA.-LAFAYETTE,35,620,517,379,168,149,284,3,0,10,4,38,20,28,50,24,21,3,5
640,20121201,20121201-1255-1234,NEUTRAL,146,1255,GEORGIA TECH,15,1234,FLORIDA ST.,21,358,454,118,134,183,194,2,3,3,6,16,21,52,37,19,22,4,3
640,20121201,20121201-1257-1008,NEUTRAL,163,1257,GEORGIA,28,1008,ALABAMA,32,401,644,281,162,113,350,1,2,7,2,34,21,29,51,18,26,4,5
640,20121201,20121201-1277-1646,HAWAII,158,1277,HAWAII,23,1646,SOUTH ALA.,7,446,290,181,148,229,18,4,3,6,7,23,31,47,34,20,17,5,1
640,20121201,20121201-1327-1703,KANSAS ST.,148,1327,KANSAS ST.,42,1703,TEXAS,24,475,551,184,314,168,99,1,3,3,6,14,35,45,30,15,21,6,4
640,20121201,20121201-1466-1066,NEVADA,153,1466,NEVADA,21,1066,BOISE ST.,27,520,518,203,219,227,215,1,0,0,3,20,28,46,41,23,22,3,5
640,20121201,20121201-1651-1545,SOUTH FLA.,146,1651,SOUTH FLA.,3,1545,PITTSBURGH,27,238,430,109,211,8,116,4,0,5,13,28,25,20,47,10,18,1,5
640,20121201,20121201-1670-1472,TEXAS ST.,159,1670,TEXAS ST.,66,1472,NEW MEXICO ST.,28,718,593,82,248,446,171,0,4,10,5,19,29,40,42,23,21,10,4
640,20121201,20121201-1698-1522,TCU,164,1698,TCU,17,1522,OKLAHOMA,24,429,439,231,244,119,177,1,2,6,2,31,40,31,32,11,22,3,4
640,20121201,20121201-1719-1128,TULSA,192,1719,TULSA,33,1128,UCF,27,519,362,153,194,290,136,2,1,2,8,25,33,69,36,26,17,5,4
640,20121201,20121201-1768-1328,WEST VIRGINIA,157,1768,WEST VIRGINIA,59,1328,KANSAS,10,707,387,407,117,240,157,1,1,3,8,25,16,46,45,32,13,9,2
640,20121201,20121201-1796-1463,NEUTRAL,168,1796,WISCONSIN,70,1463,NEBRASKA,31,691,528,101,195,539,282,0,3,4,4,10,34,50,44,24,23,10,5
641,20121208,20121208-1725-1726,NEUTRAL,157,1725,ARMY,13,1726,NAVY,17,502,318,48,130,370,167,3,1,3,5,5,17,67,47,26,18,3,3
642,20121215,20121215-1029-1466,NEUTRAL,218,1029,ARIZONA,49,1466,NEVADA,48,736,757,382,256,196,403,3,4,4,8,47,32,36,73,31,39,7,8
642,20121215,20121215-1731-1709,NEUTRAL,168,1731,UTAH ST.,41,1709,TOLEDO,15,705,508,229,173,353,142,2,2,8,7,31,39,31,37,22,18,7,4
643,20121220,20121220-1626-1077,NEUTRAL,168,1626,SAN DIEGO ST.,6,1077,BYU,23,319,361,144,244,119,52,5,3,5,3,29,44,39,30,13,17,2,4
643,20121221,20121221-1128-1047,NEUTRAL,157,1128,UCF,38,1047,BALL ST.,17,499,369,272,217,222,71,0,1,8,6,33,35,42,24,33,23,6,3
643,20121222,20121222-1066-1756,NEUTRAL,176,1066,BOISE ST.,28,1756,WASHINGTON,26,553,522,298,242,109,205,1,3,3,2,39,39,36,38,21,20,6,5
643,20121222,20121222-1671-1196,NEUTRAL,179,1671,LA.-LAFAYETTE,43,1196,EAST CAROLINA,34,750,517,324,278,267,143,2,1,4,0,35,43,42,30,25,24,8,6
643,20121224,20121224-1663-1096,NEUTRAL,167,1663,SMU,43,1096,FRESNO ST.,10,617,535,212,362,169,-16,2,4,3,3,28,55,37,22,15,21,7,2
644,20121226,20121226-1129-1772,NEUTRAL,146,1129,CENTRAL MICH.,24,1772,WESTERN KY.,21,475,371,253,199,140,128,0,0,6,7,31,24,34,32,23,13,4,3
644,20121227,20121227-1071-1630,NEUTRAL,161,1071,BOWLING GREEN,20,1630,SAN JOSE ST.,29,446,465,159,395,105,-15,1,1,5,4,35,43,30,23,12,19,4,5
644,20121227,20121227-1110-1051,NEUTRAL,187,1110,UCLA,26,1051,BAYLOR,49,530,511,329,188,33,306,0,3,6,1,52,13,28,67,17,25,5,7
644,20121227,20121227-1193-1140,NEUTRAL,170,1193,DUKE,34,1140,CINCINNATI,48,755,703,360,332,200,222,4,0,5,6,50,25,39,28,36,18,6,8
644,20121228,20121228-1498-1519,NEUTRAL,162,1498,LA.-MONROE,14,1519,OHIO,45,423,595,219,337,95,219,3,2,3,7,40,23,38,38,24,21,2,7
644,20121228,20121228-1700-1428,NEUTRAL,174,1700,TEXAS TECH,34,1428,MINNESOTA,31,605,497,284,146,145,222,2,1,13,7,47,19,24,54,23,23,6,5
644,20121228,20121228-1742-1587,NEUTRAL,191,1742,VIRGINIA TECH,13,1587,RUTGERS,10,341,301,193,129,3,67,3,2,14,4,40,40,32,39,12,14,3,2
644,20121229,20121229-1028-1726,NEUTRAL,160,1028,ARIZONA ST.,62,1726,NAVY,28,783,601,268,37,380,313,1,1,2,6,20,12,49,55,36,18,9,4
644,20121229,20121229-1416-1698,NEUTRAL,160,1416,MICHIGAN ST.,17,1698,TCU,16,331,377,104,201,123,87,0,2,7,5,27,29,42,30,13,13,3,4
644,20121229,20121229-1528-1703,NEUTRAL,163,1528,OREGON ST.,27,1703,TEXAS,31,393,455,194,241,103,117,3,1,2,9,29,34,42,31,21,16,5,5
644,20121229,20121229-1688-1768,NEUTRAL,177,1688,SYRACUSE,38,1768,WEST VIRGINIA,14,583,384,142,197,369,88,2,1,5,10,25,24,65,37,28,15,6,2
644,20121229,20121229-1721-1574,NEUTRAL,167,1721,AIR FORCE,14,1574,RICE,33,296,563,48,295,166,208,3,3,5,5,12,29,48,54,12,24,2,6
644,20121231,20121231-1147-1365,NEUTRAL,180,1147,CLEMSON,25,1365,LSU,24,467,337,346,120,99,99,2,1,6,7,50,23,50,25,32,9,5,4
644,20121231,20121231-1255-1657,NEUTRAL,158,1255,GEORGIA TECH,21,1657,SOUTHERN CALIFORNIA,7,469,296,75,107,294,98,3,3,8,2,10,37,63,22,18,10,3,1
644,20121231,20121231-1719-1311,NEUTRAL,174,1719,TULSA,31,1311,IOWA ST.,17,493,439,93,170,317,98,1,3,9,9,23,28,60,28,23,9,5,3
644,20121231,20121231-1736-1490,NEUTRAL,173,1736,VANDERBILT,38,1490,NORTH CAROLINA ST.,24,429,602,108,383,117,41,0,5,2,9,27,53,41,25,17,24,6,4
644,20130101,20130101-1234-1503,NEUTRAL,176,1234,FLORIDA ST.,31,1503,NORTHERN ILL.,10,554,343,291,176,243,83,1,2,8,5,38,41,37,32,23,17,5,2
644,20130101,20130101-1418-1648,NEUTRAL,160,1418,MICHIGAN,28,1648,SOUTH CAROLINA,33,430,636,214,341,141,85,2,1,4,5,37,36,45,17,24,17,6,5
644,20130101,20130101-1463-1257,NEUTRAL,179,1463,NEBRASKA,31,1257,GEORGIA,45,575,719,204,427,239,162,3,2,8,7,27,33,52,38,26,23,5,6
644,20130101,20130101-1509-1430,NEUTRAL,164,1509,NORTHWESTERN,34,1430,MISSISSIPPI ST.,20,496,429,196,106,161,186,3,4,2,6,36,29,40,33,19,18,6,4
644,20130101,20130101-1521-1559,NEUTRAL,174,1521,OKLAHOMA ST.,58,1559,PURDUE,14,721,527,311,212,213,155,0,5,7,4,34,34,41,38,28,18,10,2
644,20130101,20130101-1674-1796,NEUTRAL,143,1674,STANFORD,20,1796,WISCONSIN,14,380,336,157,83,187,218,0,1,6,4,20,17,35,45,17,17,4,2
645,20130102,20130102-1235-1367,NEUTRAL,151,1235,FLORIDA,23,1367,LOUISVILLE,33,511,406,175,266,111,70,3,1,9,2,29,32,30,36,17,23,4,6
645,20130103,20130103-1327-1529,NEUTRAL,165,1327,KANSAS ST.,17,1529,OREGON,35,496,583,151,166,132,219,2,0,7,5,33,24,37,46,20,22,3,6
645,20130104,20130104-1522-1697,NEUTRAL,175,1522,OKLAHOMA,13,1697,TEXAS A&M,41,455,688,278,307,123,326,1,1,7,7,49,35,34,31,27,28,3,6
645,20130105,20130105-1433-1545,NEUTRAL,181,1433,MISSISSIPPI,38,1545,PITTSBURGH,17,540,337,163,185,224,81,2,2,8,3,37,32,49,36,23,17,6,3
645,20130106,20130106-1030-1331,NEUTRAL,162,1030,ARKANSAS ST.,17,1331,KENT ST.,13,380,387,213,157,72,193,0,1,3,7,30,33,38,36,19,19,3,3
645,20130107,20130107-1513-1008,NEUTRAL,150,1513,NOTRE DAME,14,1008,ALABAMA,42,351,561,270,264,32,265,1,0,3,4,36,28,19,45,16,28,2,6
#Week,Date,GameID,Site,NumPoss,HomeID,HomeName,HomeScore,AwayID,AwayName,AwayScore,HomeYards,AwayYards,HomePass,AwayPass,HomeRush,AwayRush,HomeTOs,AwayTOs,HomePen,AwayPen,HomePassPlays,AwayPassPlays,HomeRunPlays,AwayRunPlays,HomeFirstDowns,AwayFirstDowns,HomeScores,AwayScores
