20090905-1005,7,66,280,158,28,1,0,7,24,30,8,1
20090912-1005,41,88,547,186,250,2,0,1,28,49,23,7
20090919-1005,21,64,408,165,106,1,0,5,23,30,16,3
20090926-1005,21,69,384,127,69,1,1,6,19,37,15,3
20091010-1005,7,86,429,187,159,1,3,6,42,34,21,1
20091017-1005,17,77,455,200,134,2,1,5,34,30,19,3
20091024-1005,14,65,404,191,0,0,2,8,25,24,9,2
20091031-1005,10,66,310,204,31,0,1,7,28,24,12,2
20091107-1005,28,89,459,261,168,2,0,4,35,40,25,4
20091113-1005,17,78,428,135,112,1,1,7,34,29,16,3
20091120-1005,20,73,542,259,171,0,1,8,32,30,21,4
20091127-1005,28,65,478,117,193,2,1,6,18,36,14,4
20090905-1008,34,98,632,230,268,0,1,10,30,49,22,7
20090912-1008,40,81,664,241,275,1,0,7,24,42,26,7
20090919-1008,53,85,684,263,260,0,1,2,28,45,28,9
20090926-1008,35,81,557,291,134,1,0,7,24,41,18,5
20091003-1008,38,83,565,148,204,3,0,6,26,42,18,6
20091010-1008,22,91,478,154,200,4,1,4,35,41,17,6
20091017-1008,20,72,553,92,264,1,2,10,20,38,17,4
20091024-1008,12,67,330,120,136,1,1,1,29,30,16,4
20091107-1008,24,84,541,276,176,1,0,4,34,38,24,5
20091114-1008,31,70,514,192,252,3,0,3,18,40,17,5
20091121-1008,45,85,541,109,313,3,0,5,16,56,26,7
20091127-1008,26,81,418,218,73,1,0,4,32,35,17,5
20091205-1008,32,80,577,239,251,1,0,1,18,53,26,6
20100107-1008,37,80,332,58,205,4,1,5,12,51,16,6
20090905-1009,44,73,655,221,295,1,2,14,16,39,20,7
20090912-1009,33,86,609,226,222,2,1,6,37,34,20,5
20090919-1009,14,78,360,109,176,1,0,8,29,35,18,3
20090926-1009,19,79,442,74,229,0,0,11,25,35,13,4
20091001-1009,30,76,351,23,222,1,0,4,13,47,14,6
20091017-1009,13,75,494,121,230,0,0,6,21,40,18,3
20091024-1009,7,77,555,200,232,0,0,15,27,34,16,1
20091031-1009,38,72,574,141,234,2,0,8,16,41,18,6
20091107-1009,56,68,715,292,330,2,0,6,19,35,24,8
20091114-1009,31,82,560,376,111,0,1,4,26,42,22,5
20091121-1009,21,85,627,247,273,0,1,3,27,49,24,4
20091128-1009,27,78,585,322,205,2,0,5,35,32,22,4
20090905-1028,50,87,586,208,199,4,0,8,30,39,20,10
20090919-1028,38,85,537,220,118,2,0,12,33,34,15,6
20090926-1028,17,76,353,116,88,2,0,8,32,28,14,3
20091003-1028,17,103,488,338,68,1,1,10,58,31,26,3
20091010-1028,27,83,500,190,220,2,3,6,33,37,22,4
20091017-1028,24,78,514,295,169,2,1,9,36,27,24,4
20091024-1028,14,69,426,161,129,0,1,10,30,25,15,2
20091031-1028,21,72,473,247,82,0,1,11,30,26,15,3
20091107-1028,9,98,448,266,81,1,1,9,50,33,23,2
20091114-1028,21,86,365,127,84,1,0,9,32,38,14,3
20091121-1028,13,67,421,197,118,0,5,9,22,33,17,2
20091128-1028,17,82,440,217,86,0,1,10,33,30,14,3
20090905-1029,19,88,512,202,246,1,1,5,30,46,24,5
20090912-1029,34,84,645,194,365,2,1,5,28,47,27,5
20090919-1029,17,63,441,105,148,1,0,4,26,25,8,3
20090926-1029,37,81,444,254,134,2,0,6,34,33,25,5
20091010-1029,33,96,610,384,77,1,0,8,53,30,26,7
20091017-1029,43,81,734,415,138,1,2,9,52,14,23,7
20091024-1029,27,91,514,247,209,0,2,2,35,46,27,4
20091107-1029,48,89,717,177,294,0,0,5,24,54,27,8
20091114-1029,16,83,417,201,73,2,1,8,41,28,18,3
20091121-1029,41,101,609,314,127,1,1,8,47,35,22,7
20091128-1029,20,82,428,148,117,0,0,3,43,23,13,4
20091205-1029,21,82,385,239,82,1,0,6,40,29,17,3
20091230-1029,0,62,256,46,63,0,0,2,31,20,6,0
20090905-1030,61,82,629,138,358,0,1,7,14,53,26,9
20090912-1030,9,67,322,131,143,0,1,3,20,38,15,2
20090926-1030,27,66,470,235,70,0,3,7,27,25,13,5
20091003-1030,21,75,442,216,80,2,1,3,40,25,17,3
20091013-1030,10,89,372,234,29,1,1,16,39,34,18,2
20091024-1030,27,86,547,154,276,1,1,9,22,48,22,5
20091031-1030,13,76,403,303,45,1,0,3,41,25,18,3
20091107-1030,18,65,329,182,57,0,1,8,24,28,12,3
20091114-1030,18,74,422,168,176,0,0,2,27,36,18,5
20091121-1030,14,82,434,176,44,1,1,15,28,36,13,2
20091128-1030,30,89,622,240,244,1,0,11,28,46,23,5
20091203-1030,24,65,451,146,101,1,2,7,20,34,13,4
20090905-1031,48,85,709,447,144,2,0,8,41,30,29,8
20090919-1031,41,83,636,408,77,1,1,11,39,24,17,7
20090926-1031,7,84,359,191,63,0,0,11,41,26,14,1
20091003-1031,47,74,639,271,163,0,2,7,27,31,16,8
20091010-1031,44,96,647,274,221,0,0,5,37,45,28,7
20091017-1031,20,80,502,224,133,0,0,10,27,34,13,4
20091024-1031,17,70,490,254,45,2,0,6,34,22,13,3
20091031-1031,63,72,763,297,292,1,2,7,27,30,23,9
20091107-1031,33,73,497,329,76,1,0,1,27,36,17,5
20091114-1031,56,81,647,405,187,3,0,9,30,35,28,8
20091121-1031,42,76,462,313,83,0,0,4,34,27,22,6
20091128-1031,30,89,498,227,148,1,0,4,39,35,24,6
20100102-1031,20,71,427,202,81,2,1,4,36,20,10,4
20090905-1037,37,93,622,255,301,1,2,8,27,52,27,7
20090912-1037,49,98,721,199,390,2,0,5,24,59,29,7
20090919-1037,41,89,585,300,100,5,0,5,33,41,20,7
20090926-1037,54,78,730,306,254,0,1,9,29,34,21,8
20091003-1037,26,98,608,235,224,0,0,3,35,48,24,6
20091010-1037,23,80,564,133,242,1,3,8,29,35,15,4
20091017-1037,14,89,336,95,220,0,0,10,25,49,16,2
20091024-1037,10,74,278,81,112,0,2,7,20,41,15,2
20091031-1037,33,83,541,226,175,2,1,6,24,43,18,5
20091107-1037,63,84,780,373,282,1,2,7,30,39,30,9
20091114-1037,24,79,602,238,115,0,0,9,28,38,18,4
20091127-1037,21,75,436,181,151,0,1,8,27,32,15,3
20100101-1037,38,91,653,235,190,5,2,12,33,39,18,6
20090903-1047,10,72,385,140,169,1,1,4,35,24,16,2
20090912-1047,16,73,252,114,13,0,2,4,34,26,9,4
20090919-1047,17,75,493,254,121,0,0,6,35,28,20,3
20090926-1047,30,87,426,114,146,1,2,4,30,44,19,6
20091003-1047,30,93,453,234,76,1,0,4,41,38,23,6
20091010-1047,19,73,395,237,53,0,3,8,37,23,15,3
20091017-1047,17,85,545,131,273,0,0,6,30,42,18,3
20091024-1047,29,79,551,1,463,0,2,5,10,57,19,4
20091031-1047,17,59,355,78,169,2,0,9,9,38,11,3
20091112-1047,20,71,352,134,149,1,1,9,19,40,14,4
20091118-1047,3,58,349,105,126,0,1,0,17,35,13,1
20091124-1047,22,72,414,71,155,4,0,3,16,41,10,5
20090905-1051,24,77,458,169,197,3,1,10,25,37,18,4
20090919-1051,22,59,427,119,147,0,2,2,27,21,11,3
20090926-1051,68,73,811,284,283,2,1,6,25,33,25,10
20091003-1051,31,89,393,216,158,2,1,11,27,45,20,5
20091010-1051,7,75,440,262,6,0,0,11,43,17,10,1
20091017-1051,10,79,460,275,89,1,0,8,46,21,18,2
20091024-1051,7,70,360,241,43,0,0,8,39,19,15,1
20091031-1051,10,82,475,222,54,1,1,4,38,32,18,2
20091107-1051,40,87,621,427,38,0,0,8,43,28,20,7
20091114-1051,14,87,386,240,6,0,0,8,45,28,16,2
20091121-1051,3,77,418,215,82,0,0,12,38,26,18,1
20091128-1051,13,85,500,238,104,1,1,7,35,39,19,3
20090903-1066,19,101,482,197,164,1,3,6,30,59,22,3
20090912-1066,48,74,545,314,127,4,0,5,30,29,17,7
20090918-1066,51,72,814,181,299,2,1,8,26,29,15,9
20090926-1066,49,77,620,262,267,2,0,9,25,35,23,7
20091003-1066,34,78,460,285,101,0,0,9,31,33,21,6
20091014-1066,28,89,460,187,193,0,2,3,32,44,25,5
20091024-1066,54,89,591,279,193,3,0,6,32,40,24,10
20091031-1066,45,85,527,290,140,1,1,2,39,32,26,7
20091106-1066,45,92,616,354,153,1,0,8,41,34,25,8
20091114-1066,63,76,674,310,148,5,0,5,33,26,23,9
20091120-1066,52,89,666,249,323,1,0,9,30,43,26,8
20091127-1066,44,80,607,262,165,0,1,3,34,33,22,7
20091205-1066,42,88,622,288,256,1,2,7,35,39,26,6
20100104-1066,17,88,478,240,77,3,1,7,40,32,16,3
20090905-1067,54,75,596,205,236,0,0,3,22,38,21,8
20090912-1067,34,81,411,223,126,2,0,5,29,37,16,6
20090919-1067,7,62,250,25,29,2,1,3,21,28,4,1
20090926-1067,27,89,437,228,170,1,0,7,29,45,21,5
20091003-1067,28,71,459,203,196,0,2,4,21,39,20,4
20091010-1067,14,72,246,118,45,0,1,6,28,29,10,2
20091017-1067,52,84,606,187,293,2,0,4,25,43,20,8
20091024-1067,16,75,466,279,70,0,2,6,35,29,16,2
20091031-1067,31,74,483,262,150,2,0,3,28,33,18,5
20091114-1067,14,86,378,147,156,1,0,10,26,45,18,2
20091121-1067,13,72,328,101,97,3,1,3,30,30,12,3
20091128-1067,19,84,408,227,126,0,0,6,23,47,20,5
20091226-1067,13,74,401,218,94,2,1,4,33,30,18,2
20090903-1071,31,86,531,339,50,2,0,6,44,28,21,5
20090912-1071,20,93,456,206,114,0,0,8,46,29,17,4
20090919-1071,10,93,467,383,10,1,1,2,62,20,23,2
20090926-1071,14,89,411,189,93,0,1,8,42,33,18,2
20091003-1071,37,100,649,390,84,0,1,6,53,33,26,7
20091010-1071,36,108,635,505,43,0,0,5,64,29,25,6
20091017-1071,31,81,544,376,79,1,0,7,41,24,24,5
20091024-1071,10,88,430,343,20,0,1,4,57,20,24,2
20091103-1071,30,80,481,313,48,0,1,8,41,25,20,5
20091112-1071,35,85,486,203,146,3,2,6,35,34,18,5
20091120-1071,36,75,621,338,136,0,0,2,32,33,21,5
20091127-1071,38,72,417,137,152,2,1,4,31,28,17,6
20091230-1071,42,85,677,388,150,0,0,5,48,24,27,6
20090905-1077,14,85,421,329,28,0,2,10,38,33,17,2
20090912-1077,54,91,621,321,206,2,0,5,34,45,35,9
20090919-1077,28,60,496,365,108,0,2,3,34,19,20,4
20090926-1077,42,79,484,241,132,2,0,10,29,34,20,6
20091002-1077,35,79,513,218,213,0,1,8,23,43,22,5
20091010-1077,59,85,793,320,291,3,0,6,27,43,27,9
20091017-1077,38,104,674,346,166,1,0,8,39,52,27,6
20091024-1077,7,83,460,188,110,0,1,9,33,37,18,1
20091107-1077,52,80,583,312,231,2,0,5,22,45,30,8
20091114-1077,24,68,397,314,41,0,1,6,33,23,17,4
20091121-1077,38,82,606,377,121,2,1,7,45,25,26,6
20091128-1077,26,86,429,134,131,1,0,7,32,36,14,5
20091222-1077,44,81,414,192,116,1,2,9,30,35,18,7
20090905-1086,23,76,423,159,150,0,0,10,19,42,18,3
20090912-1086,27,80,597,433,67,0,3,7,39,30,25,4
20090919-1086,17,75,398,218,86,0,3,2,36,32,20,3
20090926-1086,13,80,517,281,99,1,1,3,41,30,20,3
20091003-1086,13,81,531,210,223,1,0,6,32,37,22,3
20091010-1086,40,84,573,258,250,0,0,5,26,47,29,6
20091017-1086,21,84,446,205,107,2,0,5,35,37,19,3
20091024-1086,31,95,608,327,214,0,0,4,51,28,24,5
20091103-1086,29,91,520,149,262,1,0,10,27,47,23,4
20091110-1086,24,84,564,316,125,1,1,7,44,27,23,4
20091118-1086,42,63,527,166,240,1,0,2,20,31,21,6
20091127-1086,9,88,412,181,139,0,2,2,32,46,20,3
20090905-1096,51,76,710,201,310,1,1,4,13,52,21,7
20090912-1096,31,91,617,289,179,0,0,6,38,39,24,5
20090918-1096,34,83,717,187,320,0,0,6,30,39,17,6
20090926-1096,20,93,514,153,290,0,0,5,27,57,25,4
20091010-1096,42,74,424,135,277,2,2,1,17,47,24,6
20091017-1096,41,75,451,124,302,1,1,7,17,43,22,7
20091024-1096,34,70,600,221,189,1,2,2,20,39,18,6
20091031-1096,31,70,563,256,210,0,1,7,27,30,20,5
20091107-1096,31,69,413,159,181,0,1,6,14,42,16,5
20091114-1096,14,76,589,362,112,0,4,3,35,35,24,2
20091121-1096,30,101,477,182,176,0,0,3,42,44,24,6
20091205-1096,53,79,593,183,233,2,0,2,21,44,21,8
20091219-1096,28,74,500,169,197,1,2,5,20,44,19,4
20090905-1107,52,79,636,298,244,0,0,4,27,37,25,8
20090912-1107,59,82,629,165,342,0,0,4,21,46,27,9
20090919-1107,35,84,483,252,163,3,1,4,25,44,18,5
20090926-1107,3,80,344,130,77,0,2,5,36,32,15,1
20091003-1107,3,76,415,199,86,1,1,3,40,25,17,1
20091017-1107,45,82,634,205,289,1,0,7,23,41,17,7
20091024-1107,49,76,737,250,309,0,0,7,21,39,27,7
20091031-1107,23,94,536,351,57,2,2,12,45,30,23,5
20091107-1107,14,71,342,200,39,1,0,5,34,24,14,2
20091114-1107,24,77,435,181,176,1,0,6,22,40,18,6
20091121-1107,34,100,599,235,242,1,0,2,31,57,31,6
20091205-1107,10,72,451,215,81,0,2,5,32,29,14,2
20091223-1107,27,78,476,214,96,1,1,4,36,28,17,4
20090905-1110,33,83,511,215,144,3,1,5,31,38,19,6
20090912-1110,19,74,300,101,85,3,1,9,23,36,12,5
20090919-1110,23,71,502,186,173,2,1,8,24,34,16,5
20091003-1110,16,72,369,204,95,0,0,6,34,26,20,4
20091010-1110,10,79,309,145,66,1,1,3,35,33,14,2
20091017-1110,26,84,691,311,137,0,1,7,42,26,17,6
20091024-1110,13,72,406,146,65,3,2,6,35,23,10,3
20091031-1110,19,75,493,323,51,0,0,2,34,29,20,3
20091107-1110,24,81,588,371,84,1,3,6,31,40,23,4
20091114-1110,43,99,638,324,232,3,1,9,45,37,28,7
20091121-1110,23,87,445,161,131,1,0,11,32,36,16,5
20091128-1110,7,85,413,188,134,1,1,5,39,35,18,1
20091229-1110,30,75,455,221,93,2,0,4,31,28,13,5
20090905-1128,28,80,571,157,125,0,1,6,24,41,14,4
20090912-1128,19,71,345,179,15,0,2,5,30,27,11,4
20090919-1128,23,73,389,141,170,1,2,6,20,42,18,5
20090926-1128,14,66,447,266,70,1,1,3,34,24,19,2
20091003-1128,32,92,578,214,261,2,0,5,28,50,28,7
20091017-1128,7,66,357,176,53,0,0,3,31,24,11,1
20091024-1128,49,73,570,252,213,1,0,5,18,39,21,7
20091101-1128,21,93,512,342,59,1,0,8,48,30,23,3
20091107-1128,3,67,238,76,75,1,0,1,19,38,15,1
20091114-1128,37,87,534,241,152,1,1,1,25,50,21,6
20091121-1128,49,91,626,240,264,2,0,3,29,50,28,7
20091128-1128,34,84,563,230,205,1,0,1,38,35,26,6
20091219-1128,24,80,474,220,35,1,0,5,35,30,14,4
20090905-1129,6,63,300,108,74,1,1,3,31,20,11,1
20090912-1129,29,90,592,352,66,0,0,6,47,29,27,6
20090919-1129,48,80,483,141,178,0,0,3,23,44,20,8
20090926-1129,48,99,578,197,326,0,0,11,31,53,30,7
20091003-1129,20,76,463,268,144,1,1,8,28,35,25,3
20091010-1129,56,71,624,318,203,0,0,2,22,39,26,8
20091017-1129,34,80,559,238,188,1,1,11,30,32,21,6
20091024-1129,24,81,490,147,259,1,0,9,22,44,21,4
20091031-1129,10,83,395,218,93,0,0,0,42,31,22,2
20091111-1129,56,90,580,341,166,4,0,2,37,38,26,8
20091118-1129,35,81,557,344,168,1,2,3,28,44,27,5
20091127-1129,45,94,610,255,257,2,1,3,42,41,28,7
20091204-1129,20,93,415,255,126,0,0,9,39,41,28,4
20100106-1129,44,97,707,395,109,0,0,4,56,27,27,9
20090907-1140,47,81,674,396,168,3,0,2,36,34,26,7
20090912-1140,70,93,790,351,227,3,0,3,35,42,26,10
20090919-1140,28,87,486,332,76,1,0,6,49,23,18,4
20090926-1140,28,51,427,300,57,1,0,2,26,16,15,4
20091003-1140,37,75,512,270,164,2,0,7,42,19,21,6
20091015-1140,34,88,566,212,189,2,0,9,32,37,21,6
20091024-1140,41,70,608,286,182,1,0,5,23,34,21,7
20091031-1140,28,76,494,295,127,1,0,6,29,34,21,4
20091107-1140,47,89,867,480,231,0,0,7,37,36,27,9
20091113-1140,24,69,557,221,216,0,1,4,28,30,18,4
20091127-1140,49,75,657,399,21,0,1,5,46,15,17,7
20091205-1140,45,77,687,302,69,2,0,4,44,18,20,7
20100101-1140,24,80,472,170,76,0,0,3,45,23,19,4
20090905-1147,37,83,679,159,202,3,1,4,21,47,18,7
20090910-1147,27,83,543,261,125,2,0,6,32,36,13,5
20090919-1147,25,93,429,102,151,3,1,5,28,50,15,7
20090926-1147,10,81,345,192,117,0,0,6,37,32,17,2
20091003-1147,21,87,409,193,81,0,2,7,40,30,18,4
20091017-1147,38,71,420,187,195,2,2,2,24,33,16,6
20091024-1147,40,85,633,326,84,3,2,4,37,34,22,7
20091031-1147,49,72,510,148,252,2,0,3,23,37,22,7
20091107-1147,40,82,653,242,241,4,1,7,30,37,21,6
20091114-1147,43,69,477,200,254,1,0,7,19,36,20,7
20091121-1147,34,77,475,234,132,0,0,5,26,38,20,6
20091128-1147,17,73,431,212,48,1,2,2,42,19,14,3
20091205-1147,34,60,520,91,323,0,0,4,17,34,15,5
20091227-1147,21,59,368,141,180,0,0,7,14,33,14,3
20090906-1156,23,76,468,208,168,1,0,6,17,45,14,5
20090912-1156,24,60,488,243,63,2,0,7,24,23,12,4
20090919-1156,35,75,429,190,179,2,0,4,21,40,21,5
20090926-1156,23,92,580,372,66,2,0,6,50,28,26,4
20091003-1156,29,81,701,297,139,1,0,7,35,32,21,5
20091010-1156,17,63,444,184,150,1,0,3,24,31,17,3
20091017-1156,6,69,344,112,70,0,1,4,20,35,10,2
20091024-1156,28,67,497,205,151,0,0,4,28,28,20,4
20091031-1156,16,66,386,87,180,0,0,6,19,38,16,3
20091107-1156,16,96,546,223,201,0,0,9,39,45,26,3
20091121-1156,27,63,617,173,197,2,2,4,17,36,18,4
20091127-1156,16,78,420,185,167,0,0,9,30,35,20,3
20090906-1157,17,73,414,222,29,2,1,5,40,21,13,3
20090911-1157,38,102,670,356,95,0,1,9,64,23,25,6
20090919-1157,24,92,357,175,151,0,1,10,31,45,21,4
20091001-1157,24,97,557,292,100,0,0,5,54,30,21,4
20091010-1157,14,79,316,85,42,1,0,20,23,34,11,2
20091017-1157,34,83,520,175,147,1,2,8,25,43,21,6
20091024-1157,6,81,323,184,60,0,2,8,37,31,15,1
20091031-1157,17,71,426,190,-14,2,3,7,36,24,14,3
20091107-1157,35,92,550,271,166,1,0,10,32,43,24,6
20091114-1157,10,88,462,258,132,1,2,11,38,35,21,2
20091119-1157,28,90,422,240,13,1,1,7,49,22,14,4
20091127-1157,20,86,472,269,134,0,0,7,44,28,20,3
20090905-1164,23,85,499,127,259,1,1,2,24,49,17,3
20090912-1164,10,72,262,124,72,2,1,3,26,35,13,2
20090919-1164,30,98,534,147,235,1,0,8,23,58,21,6
20090926-1164,52,85,647,289,199,2,3,2,30,42,25,8
20091010-1164,21,64,461,197,106,2,1,2,23,31,18,3
20091017-1164,38,76,514,273,208,2,0,7,21,42,22,6
20091024-1164,24,91,684,378,123,1,1,5,41,37,21,4
20091031-1164,24,104,684,373,108,0,1,10,56,30,19,4
20091107-1164,45,84,720,261,201,0,0,2,33,37,24,7
20091121-1164,33,89,571,141,231,0,0,4,25,48,21,6
20091128-1164,56,76,568,173,204,0,0,2,21,41,18,8
20091205-1164,29,73,449,225,127,0,0,4,30,30,18,5
20100102-1164,20,81,335,107,146,1,1,0,22,48,17,4
20090905-1193,16,83,500,350,19,0,0,3,55,16,19,2
20090912-1193,35,72,457,166,70,2,2,5,24,32,14,5
20090919-1193,16,95,534,299,95,0,0,4,50,33,22,3
20090926-1193,49,92,628,254,233,0,0,6,37,41,28,7
20091003-1193,26,85,516,359,38,0,0,7,40,31,17,6
20091010-1193,49,99,612,459,43,2,1,4,50,35,25,7
20091024-1193,17,85,435,371,23,1,2,12,43,28,19,3
20091031-1193,28,95,504,343,81,1,0,5,41,39,22,7
20091107-1193,6,65,293,113,12,1,0,4,35,19,11,2
20091114-1193,10,78,455,256,25,0,0,4,41,24,15,2
20091121-1193,16,69,483,303,55,1,1,1,37,22,18,4
20091128-1193,34,81,686,387,68,0,0,4,48,19,19,6
20090905-1196,29,77,453,131,189,1,0,9,27,35,18,5
20090912-1196,20,84,397,175,62,1,0,8,40,27,13,4
20090919-1196,17,75,373,192,55,0,1,7,31,30,13,3
20090926-1196,19,90,443,293,110,4,2,4,41,38,23,4
20091003-1196,21,72,353,131,155,2,0,10,23,35,17,3
20091010-1196,21,90,497,181,176,0,1,5,34,44,24,3
20091017-1196,49,91,678,286,173,2,1,10,30,43,20,7
20091027-1196,38,91,609,222,275,1,0,9,28,47,25,6
20091105-1196,3,80,352,167,110,0,2,8,35,31,14,1
20091115-1196,44,96,720,275,242,2,1,9,29,48,26,8
20091121-1196,37,63,585,250,75,1,0,4,26,24,14,7
20091128-1196,25,90,511,269,172,0,1,10,41,34,23,5
20091205-1196,38,86,560,262,151,3,0,5,34,38,23,6
20100102-1196,17,104,467,209,184,0,1,4,33,55,24,3
20090905-1204,14,74,340,183,40,0,1,9,31,29,14,2
20090912-1204,24,74,454,148,172,1,0,8,28,32,17,4
20090919-1204,17,87,395,106,179,2,1,4,26,48,17,3
20091003-1204,12,81,385,230,50,0,1,8,37,29,16,3
20091010-1204,8,75,404,127,128,0,0,3,32,34,14,1
20091017-1204,6,75,399,75,183,2,1,7,19,44,14,2
20091024-1204,27,73,389,86,153,1,0,4,24,33,12,5
20091031-1204,27,69,593,259,89,1,0,7,26,28,11,4
20091105-1204,6,66,374,82,100,1,1,4,22,31,9,2
20091114-1204,14,78,474,186,178,1,3,4,26,43,20,2
20091120-1204,21,61,413,195,74,1,2,7,25,26,13,3
20091127-1204,21,85,438,148,172,2,0,3,31,43,19,3
20090905-1229,3,88,475,236,122,1,1,11,41,35,22,1
20090919-1229,16,82,487,211,96,0,2,3,38,35,21,3
20090926-1229,25,99,609,347,151,0,1,10,51,33,25,4
20091003-1229,28,76,464,261,113,1,1,12,31,28,22,4
20091017-1229,44,96,600,308,220,0,0,8,40,40,29,7
20091024-1229,51,86,740,372,252,1,1,7,30,41,27,8
20091031-1229,20,105,540,377,101,0,0,7,54,38,28,4
20091107-1229,29,87,612,310,130,0,0,9,40,34,25,4
20091114-1229,35,72,510,242,154,0,0,3,27,34,24,5
20091121-1229,21,90,508,206,142,1,1,17,36,34,17,3
20091128-1229,29,82,553,266,161,1,1,5,30,41,27,5
20091205-1229,28,80,468,220,186,0,0,7,27,40,25,4
20090912-1231,14,79,402,213,1,0,0,8,38,26,13,2
20090919-1231,15,77,375,218,42,0,1,9,40,23,14,2
20090926-1231,31,102,573,224,148,1,2,6,43,42,21,5
20091003-1231,35,92,591,314,77,2,0,11,46,27,21,5
20091010-1231,37,86,602,280,206,1,1,8,22,49,23,7
20091017-1231,33,103,527,265,38,0,0,6,50,36,24,6
20091024-1231,10,75,363,191,32,1,1,10,34,25,11,2
20091031-1231,20,107,495,250,145,1,3,6,43,49,24,4
20091107-1231,21,100,543,178,146,3,1,9,38,44,17,3
20091114-1231,35,65,436,85,173,1,0,4,18,33,15,5
20091121-1231,3,66,363,136,53,0,0,5,26,30,11,1
20091205-1231,21,86,529,246,199,0,0,11,35,38,22,3
20090907-1234,34,84,564,294,110,2,1,5,41,30,21,6
20090912-1234,19,75,508,324,78,0,3,6,35,26,15,3
20090919-1234,54,93,680,199,313,3,0,9,28,49,27,9
20090926-1234,7,76,440,269,19,2,4,7,37,27,17,1
20091003-1234,21,84,459,341,70,0,1,9,42,29,23,4
20091010-1234,44,79,722,359,180,0,2,6,36,30,26,7
20091022-1234,30,85,583,395,43,1,1,16,40,25,20,6
20091031-1234,45,87,761,277,278,2,0,7,40,33,27,7
20091107-1234,24,83,640,264,128,1,1,6,35,36,22,4
20091114-1234,41,76,619,220,217,2,0,6,20,43,23,7
20091121-1234,29,59,620,206,198,0,0,0,27,24,18,4
20091128-1234,10,67,417,186,83,0,0,5,32,24,18,2
20100101-1234,33,84,553,189,226,1,0,7,24,46,24,7
20090905-1235,62,76,784,255,369,1,0,8,27,33,26,9
20090912-1235,56,100,745,372,291,1,3,10,36,46,32,8
20090919-1235,23,72,420,115,208,2,1,4,19,44,20,5
20090926-1235,41,83,593,133,362,2,1,6,16,52,25,7
20091010-1235,13,73,343,134,193,1,0,6,16,48,22,3
20091017-1235,23,84,506,255,136,0,4,3,27,46,24,5
20091024-1235,29,82,511,127,249,3,0,3,22,47,18,6
20091031-1235,41,75,429,164,210,4,0,6,21,40,22,7
20091107-1235,27,74,459,227,148,1,0,9,23,37,15,5
20091114-1235,24,76,541,199,140,2,0,3,25,39,17,4
20091121-1235,62,89,703,361,223,1,0,8,38,36,30,9
20091128-1235,37,76,637,234,311,2,2,12,23,39,22,6
20091205-1235,13,59,508,247,88,0,0,5,35,14,13,3
20100101-1235,51,87,785,482,177,0,0,12,36,34,28,8
20090905-1255,37,75,669,162,335,1,3,6,12,50,21,6
20090910-1255,30,80,613,117,301,2,0,6,15,49,15,6
20090917-1255,17,66,339,133,95,0,0,8,15,39,12,3
20090926-1255,24,93,501,89,317,2,0,7,11,69,24,4
20091003-1255,42,82,582,266,213,1,1,9,14,54,23,6
20091010-1255,49,74,618,131,401,0,3,2,8,57,25,7
20091017-1255,28,82,419,51,309,2,1,6,7,63,19,4
20091024-1255,34,92,485,85,362,0,1,8,8,71,20,6
20091031-1255,56,94,710,193,404,0,1,1,13,69,28,8
20091107-1255,30,86,559,51,412,0,0,7,14,62,24,5
20091114-1255,49,76,705,213,306,1,1,5,11,52,22,7
20091128-1255,24,72,422,135,205,0,1,5,13,51,17,4
20091205-1255,39,94,636,136,333,2,0,5,18,65,28,8
20100105-1255,14,65,284,12,143,1,0,9,9,41,9,2
20090905-1257,10,72,325,162,95,0,2,7,30,30,16,2
20090912-1257,41,68,563,201,107,1,2,13,24,29,16,7
20090919-1257,52,83,700,375,155,0,2,14,26,36,20,9
20090926-1257,20,75,411,242,92,1,1,7,31,31,17,4
20091003-1257,13,72,324,229,45,1,0,7,34,24,11,2
20091010-1257,19,76,481,152,89,1,1,9,40,22,13,3
20091017-1257,34,84,572,226,173,1,0,8,31,37,19,6
20091031-1257,17,68,415,165,121,0,0,9,23,33,16,3
20091107-1257,38,71,517,165,304,0,0,11,18,39,20,6
20091114-1257,31,68,452,173,169,2,0,4,17,38,18,5
20091121-1257,27,87,616,291,196,0,2,5,30,44,22,5
20091128-1257,30,68,484,76,339,1,1,5,14,44,21,6
20091228-1257,44,85,568,158,208,2,0,6,28,40,17,7
20090904-1277,25,69,592,304,111,0,3,2,32,28,17,4
20090912-1277,38,80,744,489,137,3,4,12,37,26,22,6
20090919-1277,33,74,642,477,28,2,0,5,48,15,23,6
20090930-1277,6,68,455,308,-7,0,1,3,45,16,17,2
20091010-1277,17,81,520,283,85,0,1,7,52,18,19,3
20091017-1277,23,78,587,367,77,0,1,4,45,24,26,4
20091024-1277,9,76,544,214,93,0,3,8,47,18,21,1
20091031-1277,21,82,616,374,118,0,0,8,49,20,23,3
20091107-1277,49,89,778,337,360,2,0,7,38,37,28,7
20091114-1277,24,86,550,366,119,2,0,4,49,26,26,4
20091121-1277,17,89,475,299,106,3,2,8,47,30,23,3
20091128-1277,24,73,562,366,62,0,1,3,46,17,21,4
20091205-1277,10,63,364,197,17,0,0,7,34,17,14,2
20090905-1288,55,84,579,447,91,0,1,1,44,27,30,8
20090912-1288,45,96,601,366,146,1,1,4,46,36,32,7
20090926-1288,29,111,691,435,144,0,0,8,58,36,29,6
20091003-1288,41,117,812,536,128,0,2,6,76,27,42,7
20091010-1288,31,87,678,434,119,2,0,2,52,25,31,5
20091017-1288,44,92,686,334,182,1,0,5,43,36,31,7
20091024-1288,38,88,569,233,161,0,0,4,36,37,21,6
20091031-1288,50,100,871,559,191,0,2,4,54,33,39,8
20091107-1288,46,115,884,522,173,2,2,5,60,40,34,9
20091114-1288,32,85,599,377,46,1,2,5,57,15,21,6
20091121-1288,55,95,790,578,111,1,0,9,55,24,33,8
20091128-1288,73,93,892,463,221,3,0,1,47,31,30,11
20091205-1288,32,104,619,527,30,0,1,3,75,19,33,5
20091231-1288,20,71,459,222,109,0,0,6,41,20,18,4
20090905-1295,21,64,436,179,171,1,0,5,22,32,15,3
20090912-1295,23,76,542,349,63,0,0,8,40,23,20,5
20090919-1295,34,86,561,232,147,1,0,8,30,41,21,6
20090926-1295,34,78,580,270,207,0,0,5,23,44,24,6
20091003-1295,31,85,543,333,70,1,0,7,38,33,23,5
20091010-1295,29,82,619,227,274,2,1,11,27,42,22,6
20091017-1295,35,67,469,226,194,1,1,6,17,39,20,5
20091024-1295,45,72,566,404,90,0,1,5,33,25,21,7
20091031-1295,35,86,620,327,134,0,1,4,46,27,25,5
20091107-1295,21,68,620,240,230,0,1,8,25,30,19,3
20091114-1295,25,84,629,305,209,0,2,4,27,46,26,4
20091128-1295,49,92,604,395,135,0,1,7,40,36,32,7
20091230-1295,43,84,630,240,212,1,0,9,28,38,19,6
20090905-1301,9,82,523,215,110,0,1,4,37,35,18,2
20090912-1301,45,80,709,164,384,2,1,13,17,46,24,7
20090926-1301,0,75,302,88,82,0,0,8,28,34,14,0
20091003-1301,17,84,522,263,130,0,1,5,37,35,20,3
20091010-1301,14,76,366,140,132,1,0,6,28,32,13,2
20091017-1301,14,89,502,258,185,0,3,4,37,41,25,2
20091024-1301,14,77,456,142,180,0,0,8,27,37,15,2
20091031-1301,38,82,548,123,377,0,0,4,11,56,20,6
20091107-1301,35,83,439,238,113,1,1,8,25,42,16,5
20091114-1301,16,88,456,162,212,0,0,6,29,45,22,3
20091127-1301,36,99,552,307,169,0,0,8,35,45,24,7
20091205-1301,52,82,673,217,331,1,1,4,19,49,26,8
20090903-1306,19,80,476,326,73,0,1,8,36,31,22,3
20090912-1306,23,80,449,185,187,0,0,13,29,33,17,5
20090919-1306,38,90,612,175,180,4,1,4,31,46,22,6
20090926-1306,33,89,665,270,197,1,0,6,38,33,20,7
20091003-1306,14,74,395,210,18,1,1,9,34,26,11,2
20091010-1306,7,77,399,190,82,0,1,5,36,29,16,1
20091017-1306,27,84,555,333,149,0,1,5,40,31,23,5
20091024-1306,28,68,529,172,133,3,0,3,29,27,13,4
20091031-1306,24,85,460,227,79,5,0,6,41,27,13,4
20091107-1306,28,72,501,323,63,0,0,4,35,26,17,4
20091114-1306,20,89,421,298,48,2,0,3,52,24,20,4
20091121-1306,21,86,654,267,196,0,2,4,39,36,23,3
20090903-1311,34,83,580,238,204,1,2,1,31,40,26,6
20090912-1311,3,76,446,113,190,2,1,9,31,34,15,1
20090919-1311,34,88,445,170,234,1,3,8,28,42,16,6
20090926-1311,31,76,478,175,201,1,0,2,20,43,18,5
20091003-1311,23,80,496,164,207,1,2,5,27,41,20,4
20091010-1311,36,94,664,293,219,1,0,1,41,43,26,6
20091017-1311,24,97,535,214,240,3,0,10,36,46,27,4
20091024-1311,9,84,309,102,137,3,0,8,19,48,11,2
20091031-1311,10,68,437,155,169,0,0,3,27,34,19,2
20091107-1311,8,63,378,188,54,0,0,3,28,26,13,1
20091114-1311,17,88,350,116,194,1,1,7,26,46,19,3
20091121-1311,24,82,464,259,77,0,0,6,41,28,20,4
20091231-1311,14,82,580,216,212,1,2,8,26,44,22,2
20090905-1312,17,76,401,242,87,0,2,2,34,31,19,3
20090912-1312,35,85,528,235,191,5,0,6,37,35,24,5
20090919-1312,27,87,449,205,133,1,0,5,32,42,19,5
20090926-1312,21,76,485,135,163,3,0,4,26,37,17,4
20091003-1312,24,72,498,296,124,1,0,4,27,33,18,4
20091010-1312,30,88,524,284,83,2,0,5,38,34,17,6
20091017-1312,20,71,364,218,65,3,1,3,23,39,16,4
20091024-1312,15,80,394,138,138,0,0,6,27,39,18,4
20091031-1312,42,75,659,337,143,3,1,5,26,37,21,6
20091107-1312,10,74,379,216,65,1,2,4,36,27,14,2
20091114-1312,24,69,454,233,67,0,0,6,33,24,16,4
20091121-1312,12,74,196,117,54,1,1,3,24,36,12,3
20100105-1312,24,80,491,231,172,1,1,4,29,40,21,4
20090905-1327,21,91,506,182,225,2,2,8,27,48,24,3
20090912-1327,15,91,478,181,196,1,1,8,30,46,16,2
20090919-1327,9,83,414,199,69,1,0,4,35,37,19,2
20090926-1327,49,85,712,152,296,1,0,10,11,60,24,7
20091003-1327,24,78,443,206,154,0,1,6,23,42,15,4
20091010-1327,14,66,485,168,116,1,2,9,24,28,10,2
20091017-1327,62,90,640,192,232,3,0,7,19,52,24,10
20091024-1327,20,76,365,80,204,2,1,9,18,42,14,4
20091031-1327,30,73,567,215,149,0,0,8,31,29,20,5
20091107-1327,17,70,391,66,266,1,0,5,16,43,16,3
20091114-1327,12,81,486,239,112,0,2,3,31,43,21,4
20091121-1327,3,79,412,153,140,1,1,7,33,34,19,1
20090905-1328,49,81,593,219,328,0,0,5,22,47,25,7
20090912-1328,34,99,665,321,255,1,1,6,43,42,26,6
20090919-1328,44,87,655,338,152,2,0,5,41,31,23,7
20090926-1328,35,103,588,331,102,1,1,10,42,45,32,5
20091010-1328,41,92,677,442,109,0,0,3,49,31,34,6
20091017-1328,30,90,464,431,-8,1,1,7,54,22,23,6
20091024-1328,13,89,402,224,81,1,0,8,42,31,18,3
20091031-1328,21,85,382,187,71,1,4,4,37,33,19,3
20091107-1328,10,74,400,241,60,0,2,6,41,23,19,2
20091114-1328,17,82,442,236,99,0,1,4,41,29,21,3
20091121-1328,20,78,608,256,47,0,0,4,39,26,16,4
20091128-1328,39,89,668,498,49,0,2,10,55,19,25,6
20090903-1331,18,91,470,201,143,1,0,8,35,40,18,2
20090912-1331,7,81,283,119,60,1,1,6,37,29,13,1
20090919-1331,14,81,450,255,47,1,4,8,32,32,15,2
20090926-1331,29,66,451,77,173,2,0,4,11,41,13,6
20091003-1331,15,85,618,259,165,0,1,11,46,25,20,2
20091010-1331,35,67,479,141,202,1,1,3,21,31,11,5
20091017-1331,28,80,444,195,152,1,0,8,25,41,21,4
20091024-1331,20,91,464,273,99,3,2,9,38,38,21,4
20091031-1331,26,75,517,373,104,1,1,4,34,32,22,5
20091107-1331,20,92,440,377,38,1,0,3,59,21,22,4
20091121-1331,13,83,467,256,64,1,1,5,41,30,19,3
20091127-1331,6,64,310,31,128,2,1,9,14,33,8,2
20090905-1334,42,93,593,243,245,2,0,3,31,49,29,6
20090919-1334,31,74,617,178,168,1,2,8,28,33,18,5
20090926-1334,7,78,308,93,86,0,0,9,31,32,11,1
20091003-1334,20,81,485,168,133,0,1,7,32,38,20,4
20091010-1334,26,84,506,155,205,1,0,7,22,47,17,5
20091017-1334,21,83,405,75,282,1,0,0,22,49,21,3
20091024-1334,36,66,497,145,185,3,1,3,23,32,18,5
20091031-1334,24,77,540,119,189,2,2,2,19,48,19,4
20091107-1334,37,90,526,210,234,2,0,3,35,44,27,6
20091114-1334,24,85,491,91,308,1,0,4,15,58,22,4
20091121-1334,34,73,470,137,123,2,0,3,17,41,15,5
20091128-1334,24,79,432,100,161,1,2,6,25,38,13,4
20091227-1334,13,77,351,110,167,0,1,3,26,42,19,3
20090905-1365,31,59,382,172,149,1,1,3,19,29,17,5
20090912-1365,23,84,401,148,178,1,1,5,30,42,22,5
20090919-1365,31,73,432,166,164,2,0,5,26,36,23,5
20090926-1365,30,77,502,233,30,3,0,8,28,31,12,5
20091003-1365,20,83,501,212,156,1,0,4,27,45,19,4
20091010-1365,3,57,221,96,66,1,0,9,17,30,12,1
20091024-1365,31,82,412,254,122,1,1,9,34,32,22,5
20091031-1365,42,72,585,188,267,1,0,2,20,41,25,6
20091107-1365,15,71,360,158,95,1,0,8,27,29,13,2
20091114-1365,24,66,295,105,141,0,0,9,22,30,15,4
20091121-1365,23,77,458,250,40,0,0,5,37,27,19,4
20091128-1365,33,79,542,179,147,1,1,9,25,38,18,7
20100101-1365,17,65,421,202,41,0,2,10,24,25,9,3
20090905-1366,13,81,386,149,96,0,1,3,33,37,19,3
20090912-1366,14,56,324,156,11,0,0,2,29,17,10,2
20090919-1366,48,86,670,373,185,3,1,4,33,40,25,8
20090930-1366,27,92,510,97,352,2,0,4,22,57,26,5
20091009-1366,14,62,409,129,127,0,0,7,17,32,10,2
20091017-1366,45,94,619,225,315,2,1,4,24,56,30,7
20091024-1366,21,81,420,155,118,0,1,9,26,38,15,3
20091031-1366,34,114,671,325,222,2,0,13,47,47,29,5
20091106-1366,35,79,539,114,136,1,0,5,21,43,15,5
20091114-1366,16,100,429,144,178,0,0,10,33,51,23,4
20091121-1366,28,70,561,206,230,0,3,3,22,38,21,4
20091205-1366,55,74,653,184,240,3,1,7,13,43,19,9
20090905-1367,30,83,566,243,176,3,0,14,35,30,22,6
20090919-1367,27,81,549,245,133,1,1,6,29,40,19,5
20090926-1367,14,81,315,181,80,1,2,5,33,35,18,2
20091002-1367,10,81,416,204,101,0,1,10,31,37,17,2
20091010-1367,25,68,538,259,180,0,0,5,27,29,19,4
20091017-1367,25,88,584,295,162,1,2,6,31,47,24,4
20091024-1367,10,75,416,145,130,0,1,3,25,40,16,2
20091031-1367,21,91,501,232,176,2,0,9,40,37,21,3
20091107-1367,9,85,356,100,201,1,1,8,26,43,17,3
20091114-1367,10,65,297,117,34,1,0,4,18,35,11,2
20091121-1367,22,70,503,232,81,0,0,4,35,24,16,4
20091127-1367,14,72,396,254,48,0,1,5,35,27,14,2
20090905-1388,31,84,506,316,72,1,1,6,36,36,23,5
20090912-1388,10,78,395,126,126,1,1,8,33,28,10,2
20090919-1388,17,71,451,100,246,0,0,7,21,37,15,3
20090926-1388,27,76,579,124,243,2,1,9,19,41,14,5
20091003-1388,17,81,375,127,179,1,0,8,32,38,18,3
20091010-1388,31,64,460,207,116,2,0,6,24,27,16,5
20091017-1388,7,78,289,149,58,0,2,3,35,34,16,1
20091024-1388,27,88,495,315,135,0,1,5,38,38,24,5
20091101-1388,20,76,350,237,56,0,1,5,28,36,18,4
20091114-1388,20,92,471,337,26,0,1,9,52,26,24,4
20091121-1388,34,93,591,213,262,1,0,15,22,51,24,6
20091128-1388,21,92,587,347,146,0,0,7,47,33,27,3
20091226-1388,21,77,411,85,190,1,1,6,17,46,15,3
20090905-1392,13,86,514,167,136,0,2,7,30,43,17,3
20090912-1392,38,86,517,236,123,0,1,5,38,32,19,6
20090919-1392,31,84,601,288,158,2,3,4,30,39,18,5
20090926-1392,13,75,448,271,28,0,2,10,38,24,12,3
20091003-1392,24,87,447,215,69,1,2,6,26,45,15,4
20091010-1392,32,86,559,307,62,0,0,5,44,30,20,5
20091017-1392,9,81,332,158,126,0,2,2,38,33,17,3
20091024-1392,13,64,334,182,67,1,1,3,23,31,11,3
20091107-1392,31,76,582,162,108,3,0,10,33,27,14,5
20091114-1392,9,77,359,104,132,0,0,1,33,31,14,2
20091121-1392,26,85,591,214,196,3,1,5,27,46,20,5
20091128-1392,17,74,355,216,61,0,0,8,32,28,16,3
20090906-1404,14,92,381,134,135,2,1,7,35,43,19,2
20090912-1404,14,77,371,126,93,0,1,3,26,37,13,2
20090919-1404,41,82,490,316,144,0,2,5,32,37,26,7
20090926-1404,16,77,435,232,119,0,0,9,35,27,15,4
20091003-1404,14,71,555,258,67,1,0,8,31,26,14,2
20091010-1404,35,99,609,216,270,2,0,10,33,49,25,5
20091017-1404,16,91,508,255,170,1,0,11,42,35,24,4
20091027-1404,19,86,558,313,84,1,3,7,49,25,23,4
20091107-1404,28,85,560,194,209,1,2,3,31,44,27,4
20091114-1404,21,86,562,333,103,0,2,6,41,33,21,3
20091121-1404,14,86,513,101,243,0,0,6,28,45,22,2
20091127-1404,30,71,500,94,268,1,0,7,19,37,13,5
20090905-1414,0,70,312,126,62,0,0,5,34,22,10,0
20090912-1414,0,77,312,156,38,1,0,6,39,26,14,0
20090919-1414,26,90,512,362,59,1,4,10,49,26,27,4
20090926-1414,19,103,625,337,215,0,3,11,53,38,26,4
20091003-1414,13,93,498,286,30,1,0,4,47,35,23,2
20091010-1414,6,93,376,176,126,1,1,9,37,42,20,1
20091017-1414,7,72,289,166,52,1,2,7,30,30,13,1
20091024-1414,22,80,458,348,-11,0,0,6,38,27,21,4
20091031-1414,31,86,539,344,92,1,1,4,51,22,29,5
20091105-1414,32,88,554,426,52,0,1,6,51,22,23,6
20091112-1414,14,85,427,259,36,0,2,4,48,27,18,2
20091118-1414,17,101,470,295,90,0,1,3,57,35,27,3
20090907-1415,38,79,664,386,90,1,0,9,34,30,22,6
20090917-1415,33,77,587,270,184,0,0,9,25,39,21,5
20090926-1415,7,70,299,150,59,0,1,5,25,34,12,1
20091003-1415,21,75,453,202,140,0,0,12,28,32,21,3
20091010-1415,48,78,699,255,215,1,0,5,27,38,24,8
20091017-1415,27,86,417,293,70,1,0,6,27,46,26,5
20091024-1415,37,78,542,256,177,1,1,11,27,35,18,7
20091031-1415,28,81,433,330,26,1,0,7,43,21,19,4
20091107-1415,52,98,631,247,268,1,0,8,34,49,27,8
20091114-1415,24,86,581,319,116,0,0,3,51,25,24,4
20091121-1415,34,99,622,348,148,1,1,5,43,44,25,6
20091128-1415,31,84,436,161,240,1,0,10,22,47,22,5
20091229-1415,14,63,435,188,61,1,1,3,30,23,14,2
20090905-1416,44,88,585,318,175,0,0,5,35,40,29,8
20090912-1416,27,71,442,215,101,1,0,8,26,30,17,5
20090919-1416,30,78,613,354,105,1,1,6,40,25,27,5
20090926-1416,30,82,626,396,90,0,1,9,46,22,23,5
20091003-1416,26,91,496,220,197,1,1,8,29,49,20,5
20091010-1416,24,84,497,179,193,1,1,5,25,45,18,4
20091017-1416,24,78,449,281,94,0,1,4,31,34,19,4
20091024-1416,13,76,396,225,85,0,0,8,32,30,17,3
20091031-1416,34,71,577,236,124,1,2,9,36,20,17,6
20091107-1416,49,95,667,383,219,0,0,4,35,43,30,7
20091114-1416,40,65,602,208,154,0,1,6,25,24,12,8
20091121-1416,14,73,461,239,94,0,0,6,33,25,16,2
20100102-1416,31,75,565,248,148,1,0,5,30,32,13,5
20090905-1418,31,93,510,197,242,2,0,8,28,50,24,5
20090912-1418,38,87,632,240,190,0,0,6,33,38,21,6
20090919-1418,45,69,506,68,380,1,0,2,17,39,17,7
20090926-1418,36,91,610,223,149,1,1,9,24,50,20,5
20091003-1418,20,71,330,223,28,2,1,2,32,28,14,4
20091010-1418,28,80,505,124,195,1,3,3,23,45,18,4
20091017-1418,63,86,858,266,461,0,1,9,18,54,34,9
20091024-1418,10,85,366,140,110,0,2,5,33,40,17,2
20091031-1418,13,75,481,264,113,0,3,3,24,43,17,3
20091107-1418,36,81,631,212,215,2,1,5,24,44,22,6
20091114-1418,24,73,414,194,71,1,0,3,31,32,15,4
20091121-1418,10,84,384,229,80,1,1,3,42,31,16,2
20090905-1419,14,92,511,207,92,1,0,3,44,37,18,2
20090912-1419,31,86,466,272,164,1,1,6,27,43,18,5
20090919-1419,32,99,569,351,87,1,1,5,46,36,22,6
20090926-1419,37,109,571,269,187,3,0,7,43,45,23,7
20091006-1419,7,88,461,245,109,0,1,7,44,28,19,1
20091017-1419,6,78,326,206,42,0,0,8,39,25,14,2
20091024-1419,62,102,784,417,229,1,0,10,41,41,24,10
20091031-1419,27,70,514,90,239,2,1,6,22,34,11,5
20091107-1419,48,101,761,202,385,3,0,4,29,56,23,8
20091114-1419,34,92,555,219,287,1,0,9,25,50,21,6
20091121-1419,38,89,565,263,164,1,1,9,28,44,22,6
20091128-1419,38,68,556,116,190,3,0,1,20,36,14,6
20091220-1419,42,87,538,207,243,2,1,6,28,44,23,6
20090905-1428,23,91,527,248,112,1,1,10,42,32,16,5
20090912-1428,20,66,468,219,108,0,1,8,29,24,14,4
20090919-1428,21,67,369,233,37,0,1,3,34,21,14,3
20090926-1428,35,78,505,186,166,1,0,1,26,42,22,5
20091003-1428,28,71,589,271,57,1,2,9,30,28,15,5
20091010-1428,35,67,453,74,207,2,0,4,10,44,14,5
20091017-1428,0,49,183,101,37,0,0,5,22,18,7,0
20091024-1428,7,72,382,163,123,1,2,8,29,30,17,1
20091031-1428,42,92,719,416,89,1,1,17,33,39,17,6
20091107-1428,32,79,448,221,50,0,1,3,31,36,21,5
20091114-1428,16,87,298,94,137,2,1,7,22,48,16,4
20091121-1428,0,89,286,153,48,1,2,4,42,36,13,0
20091231-1428,13,77,484,312,122,2,1,1,35,32,21,3
20090905-1430,45,85,471,157,202,2,2,12,24,43,20,7
20090912-1430,24,75,520,130,167,0,0,10,21,38,14,4
20090919-1430,15,88,430,81,260,1,1,3,18,56,18,4
20090926-1430,26,97,502,223,151,0,1,2,40,46,21,4
20091003-1430,31,77,703,278,209,0,4,5,30,38,25,5
20091010-1430,24,88,717,160,330,2,2,8,25,51,26,4
20091017-1430,27,86,421,155,178,4,0,7,20,50,19,5
20091024-1430,19,70,541,145,92,2,0,5,23,35,13,4
20091031-1430,31,74,569,145,348,1,0,4,17,45,20,5
20091114-1430,3,66,427,99,114,0,0,2,20,37,11,1
20091121-1430,21,81,548,49,327,2,2,7,13,55,18,3
20091128-1430,41,83,647,95,317,3,1,2,14,59,24,7
20090906-1433,45,77,511,175,174,2,1,4,22,39,21,7
20090919-1433,52,82,610,242,258,2,2,4,31,35,25,8
20090924-1433,10,75,365,109,139,0,1,9,22,40,14,2
20091003-1433,23,88,479,237,160,1,0,7,34,43,20,4
20091010-1433,3,67,393,140,72,0,1,4,34,23,12,1
20091017-1433,48,76,678,338,163,1,0,3,31,33,22,7
20091024-1433,30,91,660,332,221,0,1,5,33,47,31,6
20091031-1433,20,88,587,175,219,0,1,6,35,39,19,3
20091107-1433,38,82,463,264,161,1,1,2,33,35,19,6
20091114-1433,42,83,563,133,359,0,0,4,20,50,26,6
20091121-1433,25,82,515,233,193,1,0,9,22,45,22,6
20091128-1433,27,63,557,295,90,1,1,5,30,23,15,5
20100102-1433,21,96,519,171,193,4,1,10,30,50,20,3
20090905-1434,37,86,512,325,117,1,0,5,35,37,21,7
20090912-1434,27,92,444,172,181,0,2,4,33,44,21,5
20090919-1434,52,87,682,329,196,1,0,9,35,36,30,8
20090925-1434,31,86,514,414,78,0,1,2,40,34,23,7
20091008-1434,12,94,370,134,91,0,1,8,43,35,15,2
20091017-1434,17,77,595,325,68,0,1,3,44,24,16,3
20091024-1434,7,65,300,99,74,1,0,5,24,29,11,1
20091031-1434,36,91,478,216,184,1,0,8,30,45,20,6
20091107-1434,32,93,647,468,10,0,0,7,52,25,22,6
20091114-1434,38,64,540,298,135,1,0,6,27,24,19,6
20091121-1434,34,93,647,337,202,2,1,2,32,50,28,6
20091128-1434,41,95,806,303,250,1,1,10,41,35,25,8
20091231-1434,13,65,511,291,65,0,1,0,31,26,17,3
20090905-1457,40,79,552,114,261,3,2,4,22,44,22,7
20090912-1457,12,82,362,233,35,1,0,5,32,38,16,2
20090919-1457,31,77,570,285,148,0,1,6,26,37,22,5
20090926-1457,7,53,217,137,17,0,1,2,26,18,8,1
20091003-1457,3,71,254,135,39,0,1,4,36,23,9,1
20091010-1457,42,92,450,125,164,4,2,11,24,50,22,6
20091022-1457,27,82,455,95,238,0,0,7,27,41,21,5
20091029-1457,20,84,383,131,181,0,0,6,29,42,17,4
20091107-1457,19,94,460,119,192,2,0,11,28,51,21,5
20091114-1457,33,78,633,213,116,4,0,3,31,32,17,7
20091121-1457,31,87,519,182,96,5,1,4,34,38,18,5
20091128-1457,27,70,563,322,159,0,1,10,20,34,17,5
20091226-1457,17,73,409,183,81,0,1,8,33,29,18,3
20090905-1463,49,72,561,231,259,2,0,9,25,32,22,7
20090912-1463,38,81,578,358,136,0,0,3,41,28,27,6
20090919-1463,15,82,515,136,207,0,0,9,30,36,18,5
20090926-1463,55,76,616,300,133,1,0,6,26,34,21,9
20091008-1463,27,85,300,158,105,2,2,12,33,33,14,4
20091017-1463,10,83,457,215,70,0,1,12,38,30,16,2
20091024-1463,7,72,453,248,114,0,5,3,37,28,15,1
20091031-1463,20,74,380,128,145,2,1,6,21,38,11,4
20091107-1463,10,77,287,39,141,5,1,11,14,43,7,2
20091114-1463,31,76,540,196,214,0,0,5,21,42,18,6
20091121-1463,17,75,327,166,101,1,0,3,19,45,19,3
20091127-1463,28,69,374,73,144,3,1,7,14,40,14,4
20091205-1463,12,71,234,39,67,3,0,7,20,35,5,4
20091230-1463,33,88,527,173,223,1,0,7,25,48,19,7
20090905-1465,38,73,523,250,216,1,0,2,21,41,21,6
20090912-1465,21,69,419,228,82,0,1,4,35,25,19,3
20090919-1465,34,90,596,340,120,1,0,6,43,35,28,5
20090926-1465,27,88,551,260,126,0,2,4,45,32,26,5
20091003-1465,28,93,466,276,70,0,1,9,50,27,25,4
20091010-1465,21,72,551,292,45,0,0,6,41,19,17,3
20091017-1465,15,92,415,236,91,0,0,6,47,33,23,4
20091024-1465,34,89,521,213,210,0,0,3,34,44,29,6
20091031-1465,0,65,333,42,118,0,1,3,23,29,7,0
20091107-1465,35,69,378,147,174,1,0,9,20,34,20,5
20091114-1465,17,73,384,135,147,0,0,2,23,39,16,3
20091128-1465,28,82,588,274,123,2,0,9,35,31,22,4
20090905-1466,0,65,395,154,153,0,1,4,27,29,15,0
20090919-1466,20,81,609,251,169,0,3,11,38,31,23,3
20090925-1466,21,88,547,146,218,0,2,9,29,45,23,3
20091003-1466,63,91,803,214,559,0,4,15,19,55,32,9
20091009-1466,37,88,587,166,345,1,0,7,22,51,25,6
20091017-1466,35,85,511,189,313,0,1,7,24,46,20,5
20091024-1466,70,90,746,178,484,1,0,6,21,53,27,10
20091031-1466,31,84,534,184,312,2,1,6,21,49,25,5
20091108-1466,62,89,711,148,517,1,0,5,17,59,33,9
20091114-1466,52,75,608,45,461,1,0,4,12,50,21,8
20091121-1466,63,84,682,96,574,2,2,2,12,61,29,9
20091127-1466,33,81,541,141,242,0,1,4,22,44,20,6
20091224-1466,10,75,466,177,137,0,0,7,29,34,17,2
20090905-1472,6,78,425,235,107,1,2,9,34,33,21,1
20090912-1472,21,86,381,63,241,1,0,10,20,51,24,3
20090919-1472,12,72,434,97,187,0,1,8,23,40,14,2
20090926-1472,20,93,385,96,122,1,1,5,24,56,17,4
20091003-1472,17,85,396,146,88,1,2,6,26,47,15,3
20091010-1472,20,83,360,81,149,0,0,4,25,41,10,4
20091017-1472,7,57,319,68,74,0,1,5,20,25,6,1
20091024-1472,3,70,315,45,238,1,0,3,15,43,13,1
20091031-1472,0,58,167,22,40,0,2,2,15,30,2,0
20091114-1472,6,56,373,111,133,1,0,6,21,23,10,1
20091121-1472,20,65,430,77,155,0,0,3,19,33,9,4
20091128-1472,10,61,277,51,167,1,0,3,14,38,12,2
20091205-1472,7,68,348,49,142,0,1,4,13,43,11,1
20090905-1473,6,76,345,210,21,0,2,3,40,24,18,2
20090912-1473,10,69,359,116,55,0,3,7,30,25,6,2
20090919-1473,13,63,413,102,188,0,1,7,23,29,10,2
20090926-1473,17,68,399,206,150,1,0,6,28,25,13,3
20091003-1473,28,108,550,316,115,3,2,10,56,35,24,4
20091010-1473,13,84,384,252,47,0,0,8,40,32,23,3
20091024-1473,17,68,388,219,68,0,2,9,31,25,19,3
20091031-1473,20,104,486,277,109,0,0,6,52,37,25,4
20091107-1473,14,86,390,252,82,1,0,9,42,29,15,2
20091114-1473,19,94,444,272,88,1,0,4,45,36,22,3
20091121-1473,29,81,589,197,270,1,0,1,38,35,26,6
20091128-1473,10,90,273,162,10,0,1,9,45,29,16,2
20090903-1490,3,67,214,74,59,1,1,4,25,31,11,1
20090912-1490,65,93,608,293,191,1,0,6,29,48,25,10
20090919-1490,45,84,563,365,112,0,1,6,40,31,29,7
20090926-1490,38,99,691,322,208,0,1,12,35,46,27,6
20091003-1490,24,83,554,275,104,2,1,8,43,26,20,4
20091010-1490,28,62,573,196,142,0,2,0,30,23,17,4
20091017-1490,20,92,611,315,79,0,1,3,55,27,22,4
20091031-1490,42,83,656,349,189,2,1,6,31,38,24,6
20091107-1490,38,88,604,343,139,1,1,3,38,41,31,6
20091114-1490,23,93,489,239,138,0,0,6,39,41,26,4
20091121-1490,10,63,367,245,14,0,3,5,29,26,12,2
20091128-1490,28,82,467,259,76,1,0,5,27,41,22,4
20090903-1497,20,98,629,216,296,1,1,9,33,51,27,4
20090912-1497,30,92,334,186,115,1,3,9,35,40,19,6
20090919-1497,7,61,306,126,61,0,0,3,23,26,7,1
20090926-1497,21,94,686,313,157,0,2,7,54,25,25,3
20091010-1497,34,97,607,209,235,0,1,11,38,43,23,6
20091017-1497,40,71,664,246,270,0,2,5,24,36,23,6
20091024-1497,26,72,543,267,128,0,0,6,33,26,14,4
20091031-1497,68,90,791,262,321,1,0,7,30,44,31,10
20091107-1497,6,75,405,189,79,1,0,4,37,28,17,2
20091114-1497,28,95,593,314,199,0,1,8,37,45,25,4
20091121-1497,13,81,528,225,222,0,2,7,41,30,25,2
20091128-1497,26,69,388,128,140,3,0,4,28,26,13,4
20090905-1498,20,81,502,197,101,1,2,9,30,35,17,4
20090912-1498,58,95,645,247,345,0,0,9,23,53,22,8
20090919-1498,14,68,400,126,136,0,1,5,23,33,14,2
20090926-1498,27,80,459,207,158,0,1,9,25,40,21,5
20091003-1498,48,107,704,273,304,2,1,10,36,53,31,8
20091013-1498,16,71,355,150,124,2,0,5,17,41,14,3
20091024-1498,13,92,478,267,110,2,0,4,46,36,24,2
20091031-1498,21,87,504,279,117,1,1,8,37,34,22,3
20091107-1498,33,75,536,282,172,3,0,4,22,41,19,6
20091114-1498,21,76,557,151,290,0,1,13,19,41,17,3
20091121-1498,17,66,384,91,212,0,1,7,12,43,16,3
20091128-1498,19,91,576,231,139,2,0,7,39,38,22,4
20090905-1503,20,70,366,174,100,2,1,3,24,35,16,4
20090912-1503,41,71,463,151,244,0,1,5,18,41,20,7
20090919-1503,28,99,531,174,280,0,1,6,26,57,23,4
20090926-1503,31,67,481,184,128,0,0,6,24,30,18,6
20091003-1503,38,81,568,135,255,3,0,6,15,50,20,6
20091017-1503,19,77,375,157,164,1,0,9,26,37,18,3
20091024-1503,27,62,421,60,202,0,1,7,10,39,14,5
20091031-1503,27,88,412,62,275,0,0,9,18,54,18,5
20091105-1503,50,73,683,119,418,1,1,3,7,54,21,9
20091112-1503,26,60,367,91,134,0,0,3,14,37,14,4
20091121-1503,31,89,538,307,114,0,1,6,38,36,20,5
20091127-1503,31,70,502,206,126,1,1,4,28,29,19,5
20100102-1503,3,67,378,130,108,0,1,3,26,31,11,1
20090905-1509,47,88,606,264,221,2,0,6,22,54,22,7
20090912-1509,27,83,521,158,185,2,2,5,24,48,22,5
20090919-1509,34,86,600,414,52,1,2,7,43,28,25,5
20090926-1509,24,86,475,309,64,1,2,3,47,29,23,4
20091003-1509,27,103,382,224,87,1,1,8,45,43,23,6
20091010-1509,16,88,405,191,128,3,0,8,31,41,17,3
20091017-1509,14,87,465,291,79,0,2,4,47,29,22,2
20091024-1509,29,99,595,312,162,0,0,5,46,41,29,5
20091031-1509,13,92,523,252,119,0,2,5,43,37,24,3
20091107-1509,17,90,312,109,130,2,0,5,27,49,18,3
20091114-1509,21,93,473,305,139,2,0,5,37,42,24,3
20091121-1509,33,83,609,364,73,1,1,9,41,25,20,7
20100101-1509,35,129,742,532,93,2,1,3,78,37,33,5
20090905-1513,35,71,578,332,178,2,0,3,20,41,20,5
20090912-1513,34,88,615,336,154,1,1,9,42,30,27,6
20090919-1513,33,86,610,304,133,1,0,11,34,37,25,6
20090926-1513,24,91,497,216,167,1,0,6,36,43,23,4
20091003-1513,37,74,659,422,108,0,1,6,31,29,23,8
20091017-1513,27,87,523,285,82,1,0,4,44,31,27,4
20091024-1513,20,91,448,246,106,3,0,8,39,37,22,4
20091031-1513,40,98,654,337,255,2,1,8,33,48,31,7
20091107-1513,21,80,626,452,60,0,2,6,51,20,32,3
20091114-1513,22,79,534,283,66,0,1,5,42,25,20,4
20091121-1513,30,95,557,329,123,1,2,6,45,35,22,6
20091128-1513,38,66,574,340,107,0,1,3,30,25,21,6
20090905-1518,31,76,492,210,153,1,0,6,26,38,19,6
20090912-1518,15,67,382,177,88,1,0,5,25,30,10,3
20090919-1518,38,93,559,275,247,1,0,6,32,46,23,6
20090926-1518,30,71,411,82,236,3,2,4,13,46,19,6
20091003-1518,33,86,499,159,219,2,1,2,27,47,29,5
20091010-1518,31,54,457,87,97,2,0,5,13,27,8,5
20091017-1518,18,73,424,221,66,2,3,9,31,28,12,3
20091024-1518,38,89,603,239,270,2,0,5,26,49,27,6
20091031-1518,45,99,645,249,310,1,1,4,33,49,24,7
20091107-1518,24,83,515,125,228,1,0,9,17,49,15,4
20091114-1518,27,82,428,93,229,3,0,5,17,51,20,5
20091121-1518,21,86,390,67,251,4,0,6,17,53,18,3
20100101-1518,26,101,497,266,153,1,0,5,38,51,26,6
20090905-1519,16,74,302,186,61,3,1,5,28,32,11,3
20090912-1519,31,96,429,169,63,1,2,14,31,44,15,6
20090919-1519,28,72,580,244,186,2,1,4,29,31,18,4
20090926-1519,23,83,585,319,21,1,1,4,52,17,15,5
20091003-1519,44,72,583,203,216,0,1,10,19,35,13,7
20091010-1519,19,75,372,132,160,2,1,6,21,41,14,4
20091017-1519,28,78,467,172,226,2,0,5,32,33,22,4
20091024-1519,11,71,388,173,-9,1,0,7,30,29,11,2
20091031-1519,20,79,399,161,155,1,0,6,27,41,20,5
20091110-1519,27,75,486,269,115,2,1,7,29,33,17,5
20091121-1519,38,70,508,144,103,1,1,3,29,27,15,6
20091127-1519,35,75,582,324,170,3,0,6,21,38,22,6
20091204-1519,10,67,382,167,108,1,1,6,27,29,16,2
20091226-1519,17,62,242,111,12,0,1,3,27,24,10,3
20090905-1521,24,87,457,135,172,1,0,15,22,46,17,4
20090912-1521,35,85,646,240,194,1,3,9,31,41,27,5
20090919-1521,41,71,517,227,124,1,2,6,20,36,18,7
20090926-1521,56,82,650,266,321,1,2,9,23,43,23,8
20091010-1521,36,89,613,279,169,0,0,11,25,48,21,5
20091017-1521,33,91,494,227,124,3,0,9,36,35,16,7
20091024-1521,34,82,467,250,195,1,0,5,27,43,25,6
20091031-1521,14,80,423,143,134,0,1,5,28,43,15,2
20091107-1521,34,90,518,142,331,3,0,4,24,54,29,6
20091114-1521,24,95,454,90,243,3,1,7,21,60,23,4
20091119-1521,31,85,565,168,232,0,3,5,24,49,20,5
20091128-1521,0,70,234,47,62,0,1,6,23,29,6,0
20100102-1521,7,73,376,119,140,4,3,6,32,28,9,1
20090905-1522,13,75,317,147,118,2,2,12,26,31,15,3
20090912-1522,64,92,675,286,278,0,1,5,32,44,27,9
20090919-1522,45,98,616,336,193,2,0,8,37,45,27,7
20091003-1522,20,85,473,188,153,2,1,7,30,42,21,4
20091010-1522,33,113,746,389,197,2,0,7,49,50,34,7
20091017-1522,13,87,466,327,-16,1,3,10,49,22,18,3
20091024-1522,35,83,476,252,85,3,1,5,38,31,20,5
20091031-1522,42,85,603,294,164,1,0,9,37,35,23,6
20091107-1522,3,101,464,245,80,0,0,9,58,29,23,1
20091114-1522,65,105,758,392,248,1,0,11,39,45,32,10
20091121-1522,13,75,376,262,48,1,0,6,36,26,16,3
20091128-1522,27,102,613,224,143,1,2,9,37,47,20,5
20091231-1522,31,105,600,418,59,2,1,9,51,38,28,5
20090905-1528,34,71,515,282,151,0,0,5,23,36,18,6
20090912-1528,23,80,428,198,184,1,0,8,31,35,20,4
20090919-1528,18,96,418,240,104,1,0,7,45,36,21,4
20090926-1528,32,92,522,303,104,0,0,6,49,30,28,5
20091003-1528,28,67,385,216,79,1,0,5,30,24,14,4
20091010-1528,38,90,534,290,173,0,0,8,32,43,24,6
20091024-1528,36,93,655,329,153,2,1,9,43,34,22,7
20091031-1528,26,87,585,319,144,0,0,10,35,35,23,6
20091107-1528,31,92,499,342,94,1,0,6,39,39,23,5
20091114-1528,48,81,501,194,178,1,1,3,31,37,19,8
20091121-1528,42,92,633,284,283,0,0,13,37,39,31,6
20091203-1528,33,77,540,306,83,1,0,10,36,25,18,7
20091222-1528,20,87,416,217,88,0,2,11,47,27,17,3
20090903-1529,8,57,256,121,31,0,1,8,27,17,6,1
20090912-1529,38,80,601,163,193,2,2,9,21,41,17,6
20090919-1529,31,83,561,95,217,2,3,6,16,51,15,5
20090926-1529,42,98,563,288,236,0,3,5,32,52,26,7
20091003-1529,52,101,644,196,318,2,1,4,27,59,31,8
20091010-1529,24,76,446,82,221,2,0,7,17,43,15,4
20091024-1529,43,79,555,157,259,2,1,9,22,40,19,6
20091031-1529,47,95,718,222,391,1,1,9,31,49,31,9
20091107-1529,42,87,743,334,236,0,1,9,37,34,24,6
20091114-1529,44,77,525,120,268,1,1,6,20,42,20,8
20091121-1529,44,103,567,284,175,1,0,9,47,37,22,7
20091203-1529,37,82,649,201,288,0,1,6,21,49,25,6
20100101-1529,17,65,464,81,179,1,1,7,20,33,12,3
20090905-1539,31,86,572,379,136,1,1,3,44,30,25,5
20090912-1539,28,75,363,240,78,2,2,2,31,35,23,4
20090919-1539,31,78,389,173,186,0,0,6,29,36,21,5
20090926-1539,10,74,412,198,109,2,1,4,32,33,15,2
20091003-1539,35,77,604,175,338,1,1,4,25,40,25,5
20091010-1539,52,75,692,268,285,1,0,4,26,36,28,8
20091017-1539,20,88,493,287,177,1,0,9,32,43,21,4
20091024-1539,35,83,557,230,166,2,0,5,27,40,18,6
20091031-1539,34,72,520,274,163,0,0,5,31,27,21,6
20091107-1539,7,72,295,125,76,0,0,4,28,30,9,1
20091114-1539,31,78,560,194,181,1,2,2,29,39,22,5
20091121-1539,42,83,635,324,188,2,0,6,28,38,24,6
20100101-1539,19,90,438,216,124,1,0,2,35,40,21,5
20090905-1545,38,70,474,203,187,2,0,6,24,33,19,6
20090912-1545,54,77,572,172,209,1,0,11,30,28,19,8
20090919-1545,27,76,372,243,126,0,1,6,26,37,18,5
20090926-1545,31,62,447,206,94,0,0,8,23,23,11,5
20091002-1545,35,72,494,242,162,0,1,4,23,38,21,5
20091010-1545,24,81,593,268,221,0,0,2,31,40,24,5
20091016-1545,24,82,477,153,223,1,2,5,24,46,21,4
20091024-1545,41,81,550,272,214,3,0,2,30,42,21,7
20091107-1545,37,81,569,234,247,3,1,8,25,40,23,7
20091114-1545,27,71,511,236,193,1,0,1,27,32,17,5
20091127-1545,16,70,478,179,146,0,0,2,30,29,15,4
20091205-1545,44,93,596,176,193,3,0,8,21,55,23,7
20091226-1545,19,71,382,163,129,1,1,4,24,36,17,5
20090905-1559,52,80,693,220,315,2,0,4,28,39,25,8
20090912-1559,36,102,590,281,170,0,1,4,42,44,24,6
20090919-1559,21,68,503,188,147,1,3,3,33,23,14,3
20090926-1559,21,79,498,289,74,1,1,13,38,26,16,3
20091003-1559,21,66,493,313,62,0,5,7,29,28,16,3
20091010-1559,20,87,536,299,103,2,1,5,47,30,23,4
20091017-1559,26,96,465,281,80,2,1,1,52,31,24,6
20091024-1559,24,77,436,166,220,1,0,7,24,39,21,4
20091031-1559,0,73,283,81,60,1,2,3,33,29,8,0
20091107-1559,38,83,597,367,127,0,0,7,39,29,22,6
20091114-1559,37,107,617,373,151,0,1,5,55,37,28,7
20091121-1559,38,77,509,205,124,2,0,5,29,33,15,6
20090905-1574,24,90,606,235,156,0,1,9,42,34,23,4
20090912-1574,10,84,394,197,60,0,1,3,41,35,21,2
20090919-1574,24,98,533,301,76,0,1,8,51,32,23,4
20090926-1574,17,87,483,122,160,1,0,5,32,40,14,3
20091003-1574,10,87,317,144,47,0,0,4,43,30,18,2
20091010-1574,14,67,516,251,21,0,0,9,38,16,14,2
20091017-1574,13,90,519,263,78,2,1,5,50,25,17,3
20091024-1574,7,90,349,178,104,0,3,9,37,38,16,1
20091107-1574,28,85,430,250,77,1,3,4,44,30,23,4
20091114-1574,28,69,441,214,117,1,0,3,24,32,13,4
20091121-1574,30,84,338,55,172,1,0,8,17,49,16,5
20091128-1574,14,90,633,134,243,0,0,2,33,45,18,2
20090907-1587,15,80,380,243,50,1,0,4,37,33,22,2
20090912-1587,45,73,521,223,245,0,1,5,14,44,19,8
20090919-1587,23,91,471,234,160,2,0,13,31,41,19,5
20090926-1587,34,76,345,42,207,3,0,4,13,49,14,6
20091010-1587,42,82,483,164,253,2,0,12,22,42,19,6
20091016-1587,17,75,362,248,38,0,1,6,41,20,16,3
20091023-1587,27,74,416,197,132,0,1,6,22,40,15,5
20091031-1587,28,74,538,236,86,3,0,5,25,31,12,4
20091112-1587,31,83,407,194,160,2,0,1,30,42,18,6
20091121-1587,13,57,277,104,26,0,0,5,18,27,11,2
20091127-1587,34,81,439,163,239,0,0,6,18,48,20,5
20091205-1587,21,80,328,153,65,0,0,4,28,35,11,4
20091219-1587,45,78,521,294,86,2,1,10,28,32,15,7
20090905-1626,14,78,466,238,39,2,0,6,45,18,11,2
20090912-1626,35,80,563,287,149,3,2,8,30,37,22,5
20090919-1626,20,76,446,241,55,0,1,9,41,23,20,4
20090926-1626,14,76,373,284,39,0,2,1,41,25,16,2
20091003-1626,34,74,367,144,108,2,0,2,28,31,13,6
20091017-1626,28,61,502,322,20,0,0,4,34,16,16,4
20091024-1626,42,90,620,459,72,2,0,8,43,32,25,6
20091031-1626,23,82,403,253,50,0,1,6,38,29,18,3
20091107-1626,12,74,463,187,92,0,2,5,37,25,16,3
20091114-1626,27,72,537,200,157,0,1,4,29,32,21,5
20091121-1626,7,78,349,207,55,0,0,5,37,29,16,1
20091128-1626,24,92,618,341,104,2,0,9,45,31,20,4
20090905-1630,3,78,247,112,9,0,2,7,30,31,8,1
20090912-1630,14,71,330,242,22,0,0,7,34,22,18,2
20090919-1630,17,79,368,204,24,1,1,3,39,28,16,3
20090926-1630,19,75,490,172,242,1,0,5,32,31,16,3
20091010-1630,25,76,518,302,45,3,1,9,43,21,20,4
20091017-1630,21,82,482,221,124,0,0,8,35,31,20,3
20091031-1630,7,77,353,131,92,0,1,10,32,29,12,1
20091108-1630,7,63,439,238,30,0,1,7,30,22,15,1
20091114-1630,9,77,345,245,56,0,1,10,35,27,15,2
20091121-1630,10,64,341,145,132,0,1,5,25,31,14,2
20091128-1630,13,76,390,176,117,1,1,1,27,42,19,3
20091205-1630,20,87,465,300,27,0,1,3,41,36,19,3
20090903-1648,7,74,314,148,108,0,0,3,22,42,16,1
20090912-1648,37,99,634,313,114,1,0,11,53,30,26,8
20090919-1648,38,76,583,229,287,1,1,6,28,35,21,6
20090924-1648,16,84,352,220,65,0,1,8,34,34,15,4
20091003-1648,38,73,495,164,213,1,1,7,24,35,19,6
20091010-1648,28,69,522,233,128,0,1,7,23,33,18,4
20091017-1648,6,86,420,214,64,2,1,5,46,27,19,2
20091024-1648,14,85,512,312,119,0,0,9,33,37,18,2
20091031-1648,13,82,480,300,65,0,3,4,50,20,19,3
20091107-1648,16,70,448,327,53,0,0,7,34,25,17,3
20091114-1648,14,77,324,186,61,0,1,5,33,33,18,2
20091128-1648,34,94,596,165,223,1,1,4,22,58,21,6
20100102-1648,7,75,302,129,76,0,1,4,38,26,12,1
20090905-1651,40,69,481,185,174,0,1,6,25,32,22,6
20090912-1651,35,78,538,208,253,1,1,9,22,42,22,5
20090919-1651,59,89,631,298,249,1,0,10,27,46,26,9
20090926-1651,17,80,433,215,153,0,0,8,21,42,16,3
20091003-1651,34,70,511,208,125,5,3,5,20,37,14,5
20091015-1651,17,90,536,208,168,1,0,12,34,36,17,3
20091024-1651,14,58,358,90,122,1,0,9,13,33,11,2
20091030-1651,30,79,465,232,189,1,0,5,26,40,18,6
20091112-1651,0,61,232,129,30,1,2,6,17,32,7,0
20091121-1651,34,94,624,304,234,1,1,6,35,45,25,6
20091128-1651,10,67,333,77,143,0,1,6,16,39,11,2
20091205-1651,27,75,436,160,193,0,1,5,19,44,19,4
20100102-1651,27,75,484,217,189,1,1,4,22,40,19,5
20090905-1657,56,87,689,278,342,0,2,9,23,45,22,8
20090912-1657,18,84,428,195,118,1,0,4,32,40,18,3
20090919-1657,13,67,475,110,250,0,2,8,22,33,16,3
20090926-1657,27,66,553,247,156,1,2,13,22,29,14,4
20091003-1657,30,89,562,283,174,1,0,5,35,42,20,6
20091017-1657,34,77,573,380,121,0,0,8,29,33,21,6
20091024-1657,42,70,645,202,227,0,0,5,25,33,22,6
20091031-1657,20,81,504,187,140,0,0,6,38,29,17,4
20091107-1657,14,71,413,112,146,3,0,9,22,33,12,2
20091114-1657,21,66,488,196,138,0,1,2,31,27,17,3
20091128-1657,28,80,490,206,130,3,0,12,26,34,18,4
20091205-1657,17,79,347,144,138,1,0,3,37,31,20,3
20091226-1657,24,79,480,350,88,1,0,6,37,29,20,4
20090905-1663,31,89,580,202,153,5,0,6,45,27,17,5
20090912-1663,35,92,632,353,84,4,2,7,47,29,24,5
20090919-1663,27,98,558,424,80,2,1,6,57,27,28,5
20091003-1663,14,70,385,240,-16,1,1,5,38,18,9,2
20091010-1663,28,68,456,266,28,1,1,12,29,21,14,4
20091017-1663,35,86,481,200,176,0,0,9,41,27,21,5
20091024-1663,15,76,540,200,197,0,3,6,30,34,19,3
20091031-1663,27,91,512,354,75,2,2,14,30,41,17,5
20091107-1663,31,73,397,234,96,0,1,13,24,34,18,5
20091114-1663,35,65,590,244,193,1,0,4,24,29,20,5
20091121-1663,31,75,521,225,106,0,1,5,32,30,21,5
20091128-1663,26,82,498,264,181,0,0,2,34,37,24,5
20091224-1663,45,79,591,460,74,1,0,6,41,24,23,7
20090905-1664,52,106,786,233,398,2,1,10,29,60,34,8
20090912-1664,26,88,442,253,131,0,1,7,31,42,23,5
20090919-1664,37,84,627,130,214,1,2,9,27,41,20,6
20090926-1664,28,81,585,331,64,1,1,6,42,26,21,4
20091001-1664,17,80,532,234,111,0,2,12,35,29,21,3
20091010-1664,23,86,603,229,181,1,0,4,31,42,24,5
20091017-1664,36,81,589,155,205,2,0,10,21,46,21,6
20091024-1664,43,70,458,127,253,1,2,6,15,43,21,7
20091031-1664,43,97,720,360,248,1,1,4,35,47,28,7
20091114-1664,27,73,503,191,103,2,0,9,25,33,15,4
20091121-1664,44,76,622,276,163,1,0,9,21,38,20,7
20091128-1664,20,86,544,265,164,0,1,5,45,29,19,3
20091220-1664,32,88,520,271,123,0,0,10,34,37,20,6
20090905-1671,42,74,617,325,208,3,2,3,25,39,24,6
20090912-1671,17,78,325,185,102,1,2,4,36,29,16,3
20090919-1671,3,73,387,163,109,1,1,3,37,29,18,1
20090926-1671,0,75,289,120,102,0,2,3,27,37,14,0
20091010-1671,38,82,540,122,173,3,1,5,29,38,18,6
20091017-1671,30,98,588,204,230,2,1,9,25,58,23,6
20091024-1671,29,85,520,209,163,0,1,8,31,39,20,4
20091031-1671,17,95,435,254,126,1,0,7,36,44,19,3
20091107-1671,21,90,471,229,147,2,2,7,40,39,25,3
20091114-1671,17,87,460,220,73,0,1,2,43,32,20,3
20091121-1671,21,79,376,252,62,2,1,6,27,39,17,3
20091128-1671,31,103,596,415,148,1,1,9,50,37,26,5
20090905-1674,39,78,691,193,288,0,0,4,24,42,20,6
20090912-1674,17,72,457,276,115,0,1,6,34,26,19,3
20090919-1674,42,69,645,171,211,1,3,9,15,40,16,6
20090926-1674,34,75,559,103,321,2,2,4,14,51,22,6
20091003-1674,24,75,417,198,174,0,1,7,20,44,20,4
20091010-1674,28,75,465,226,149,0,0,7,30,31,22,4
20091017-1674,38,88,835,434,150,0,1,6,36,40,26,6
20091024-1674,33,85,589,236,237,0,0,3,28,46,27,6
20091107-1674,51,86,725,251,254,0,1,3,20,52,25,9
20091114-1674,55,85,616,144,325,3,1,4,22,50,24,8
20091121-1674,28,69,489,157,188,1,0,3,30,28,16,4
20091128-1674,45,83,619,216,280,0,1,7,21,48,25,8
20091231-1674,27,74,430,117,145,1,0,9,19,39,13,5
20090905-1688,20,82,425,167,90,1,1,8,31,34,15,4
20090912-1688,7,64,358,135,65,1,0,3,25,29,13,1
20090919-1688,37,85,619,346,125,1,1,6,36,32,23,7
20090926-1688,41,75,467,270,115,2,1,10,28,31,20,7
20091003-1688,20,85,464,269,75,0,2,4,46,30,23,4
20091010-1688,13,64,393,150,72,0,1,7,25,24,10,2
20091024-1688,28,77,426,105,234,0,2,4,18,46,20,4
20091031-1688,7,67,415,182,101,0,1,7,27,29,15,1
20091107-1688,10,76,357,141,144,0,0,5,34,32,19,2
20091114-1688,9,82,370,110,156,1,1,9,21,47,18,2
20091121-1688,31,86,544,211,213,2,0,4,22,51,23,5
20091128-1688,31,90,599,360,129,1,2,6,41,36,26,5
20090903-1690,24,67,592,317,139,0,2,3,28,30,22,4
20090919-1690,6,76,389,205,46,1,1,8,34,29,12,2
20090926-1690,37,70,578,95,198,4,0,3,17,40,16,7
20091003-1690,24,76,401,123,242,1,1,7,18,44,19,4
20091010-1690,24,96,356,186,106,2,1,10,30,50,23,4
20091017-1690,27,68,304,115,80,0,0,6,17,38,16,4
20091024-1690,40,87,548,132,211,2,1,5,22,51,20,7
20091031-1690,27,64,496,37,274,1,1,7,17,34,15,5
20091105-1690,34,78,514,143,224,1,1,2,11,54,20,6
20091113-1690,56,82,552,145,258,1,1,6,12,54,24,8
20091121-1690,47,68,631,124,275,2,0,2,17,38,19,8
20091127-1690,17,93,492,123,255,0,0,5,34,47,23,3
20091229-1690,21,77,376,159,123,1,0,3,23,42,16,3
20090905-1694,63,89,739,277,380,1,1,6,32,44,34,9
20090912-1694,15,78,291,93,115,0,1,2,26,44,16,3
20090919-1694,13,59,348,93,117,1,0,3,19,32,13,3
20090926-1694,34,87,530,222,177,1,1,3,34,39,24,6
20091003-1694,22,89,595,259,151,0,1,4,44,29,19,4
20091010-1694,45,80,568,310,162,2,0,7,27,37,24,7
20091024-1694,10,87,506,265,76,0,0,8,37,35,20,2
20091031-1694,31,81,418,142,199,1,0,6,24,40,15,5
20091107-1694,56,84,727,429,137,1,1,7,38,33,29,8
20091114-1694,17,73,469,176,99,1,0,2,37,25,18,3
20091121-1694,31,87,555,221,201,1,0,9,34,40,24,5
20091128-1694,30,83,503,220,226,0,1,2,23,47,22,5
20091231-1694,14,68,403,235,5,1,1,4,26,31,14,2
20090905-1697,41,109,679,361,245,0,0,14,43,47,29,7
20090919-1697,38,106,719,322,251,0,0,16,41,44,30,6
20090926-1697,56,94,649,308,236,0,1,3,31,51,30,8
20091003-1697,19,108,687,345,113,1,2,8,58,35,28,4
20091010-1697,31,97,539,273,109,1,1,4,42,41,26,5
20091017-1697,14,81,471,314,-13,0,2,4,45,23,19,2
20091024-1697,52,103,622,238,321,2,1,7,28,59,34,8
20091031-1697,35,84,549,234,267,2,2,3,28,49,31,5
20091107-1697,34,82,572,242,132,1,1,3,36,34,20,6
20091114-1697,10,95,450,167,59,1,3,12,40,36,13,2
20091121-1697,38,93,634,153,375,3,1,13,25,52,26,6
20091126-1697,39,87,745,342,190,0,1,5,33,40,27,6
20091228-1697,20,107,669,362,109,1,0,7,59,33,26,3
20090912-1698,30,86,415,177,203,1,1,5,21,50,23,6
20090919-1698,56,85,652,222,286,1,1,7,24,46,28,8
20090926-1698,14,81,448,226,162,0,0,11,26,40,19,2
20091003-1698,39,87,696,189,229,2,2,4,20,53,18,6
20091010-1698,20,91,513,198,195,0,2,4,28,52,23,4
20091017-1698,44,83,703,224,275,0,1,6,24,46,26,7
20091024-1698,38,77,441,285,127,1,0,5,25,37,21,6
20091031-1698,41,84,678,188,390,1,2,6,22,48,27,7
20091107-1698,55,89,661,239,312,2,0,5,20,53,28,9
20091114-1698,55,96,656,207,342,1,1,5,29,51,32,9
20091121-1698,45,84,673,168,339,1,3,0,19,54,25,7
20091128-1698,51,88,648,228,202,4,2,7,24,45,23,7
20100104-1698,10,78,461,272,36,0,0,7,44,20,17,2
20090905-1700,38,80,610,405,40,0,0,11,48,19,22,6
20090912-1700,55,93,656,508,52,1,0,11,63,14,28,8
20090919-1700,24,97,606,420,-6,2,2,14,62,18,25,4
20090926-1700,28,93,577,321,163,1,2,8,47,32,31,4
20091003-1700,48,86,653,453,34,0,2,11,46,23,26,7
20091010-1700,66,91,791,554,185,0,0,8,49,26,33,10
20091017-1700,31,71,415,234,25,1,0,4,32,25,15,5
20091024-1700,30,96,637,456,64,0,3,10,61,22,27,4
20091031-1700,42,97,460,253,105,0,2,8,47,32,20,6
20091114-1700,17,87,436,307,50,0,0,12,58,14,23,3
20091121-1700,41,105,611,388,161,2,0,11,53,35,32,7
20091128-1700,20,86,506,269,100,1,1,3,49,28,22,4
20100102-1700,41,100,724,460,119,2,1,9,54,31,31,7
20090905-1703,59,99,722,363,199,1,2,7,35,49,33,9
20090912-1703,41,106,706,353,191,0,0,12,50,36,27,7
20090919-1703,34,91,479,205,135,1,0,9,34,41,20,6
20090926-1703,64,100,810,335,304,4,2,5,41,42,32,11
20091010-1703,38,81,556,267,46,2,1,8,40,25,21,6
20091017-1703,16,98,359,127,142,2,2,11,40,40,20,4
20091024-1703,41,89,468,269,131,2,0,3,34,43,26,7
20091031-1703,41,70,438,176,99,4,1,4,24,32,17,7
20091107-1703,35,79,568,470,67,0,0,6,42,25,24,5
20091114-1703,47,92,555,187,224,3,1,6,40,35,23,7
20091121-1703,51,95,701,396,136,1,1,2,42,40,29,9
20091126-1703,49,93,783,304,293,1,1,6,40,39,26,7
20091205-1703,13,90,233,184,18,3,0,7,36,38,17,3
20100107-1703,21,87,382,195,81,1,1,8,42,28,15,4
20090905-1704,17,89,435,233,139,0,0,12,46,29,24,3
20090912-1704,7,67,352,204,4,1,0,13,29,20,7,1
20090919-1704,38,80,398,182,156,2,0,6,33,34,21,6
20090926-1704,7,65,320,44,9,1,1,6,26,25,7,1
20091003-1704,58,89,807,276,305,0,0,11,30,41,26,9
20091010-1704,20,81,573,319,123,1,1,6,40,27,23,4
20091021-1704,28,83,588,271,175,0,0,3,38,33,18,5
20091031-1704,33,94,710,397,188,0,1,5,44,39,35,6
20091107-1704,38,86,627,226,260,0,0,7,26,47,25,6
20091114-1704,31,97,700,396,231,2,0,8,41,42,28,5
20091121-1704,29,85,569,244,151,1,5,12,26,43,20,5
20091128-1704,52,77,714,517,72,3,0,3,42,21,26,8
20090905-1709,31,103,625,423,70,3,1,5,69,22,26,5
20090911-1709,54,86,712,319,305,3,2,12,23,43,21,9
20090919-1709,0,73,338,197,13,2,1,6,45,13,9,0
20090926-1709,41,85,681,343,223,0,0,10,32,34,20,7
20091003-1709,37,78,621,422,57,1,2,12,38,24,19,5
20091010-1709,26,105,592,240,209,0,1,9,44,45,28,5
20091017-1709,20,71,532,230,157,1,2,7,26,34,21,3
20091024-1709,24,85,493,265,48,0,1,8,47,23,19,4
20091031-1709,24,88,546,228,216,0,1,8,30,44,25,4
20091111-1709,28,82,581,222,131,0,1,8,33,36,18,4
20091120-1709,47,82,617,122,330,2,0,4,18,51,25,8
20091127-1709,24,92,635,326,159,0,3,8,39,40,24,4
20090903-1716,14,76,404,263,41,1,0,4,44,21,17,2
20090912-1716,6,74,260,66,73,0,2,6,24,35,8,2
20090919-1716,27,80,598,413,138,1,1,15,32,32,25,5
20090926-1716,30,102,608,373,134,0,3,11,49,37,29,6
20091006-1716,31,100,512,191,264,0,1,12,30,49,22,5
20091017-1716,42,94,641,391,174,1,3,11,38,39,25,6
20091024-1716,50,109,831,492,205,1,2,8,50,44,29,8
20091031-1716,42,84,530,378,50,3,0,6,43,25,21,6
20091107-1716,40,84,602,276,201,0,0,5,37,33,23,6
20091114-1716,20,88,676,353,102,1,1,5,54,24,27,4
20091121-1716,47,84,752,483,168,0,2,4,40,31,33,8
20091128-1716,48,83,699,293,220,1,1,11,31,35,22,8
20100106-1716,41,112,743,403,169,1,1,8,57,39,31,7
20090904-1718,13,77,506,325,39,0,0,4,32,34,17,3
20090912-1718,3,64,312,125,37,1,2,10,28,24,9,1
20090926-1718,42,64,549,222,205,0,0,7,13,39,19,6
20091003-1718,17,67,435,166,126,1,1,5,24,31,13,3
20091010-1718,10,86,524,215,189,1,2,2,41,39,23,2
20091017-1718,16,89,553,250,187,0,0,7,34,43,26,4
20091024-1718,6,73,300,158,54,0,3,5,33,33,15,1
20091031-1718,0,69,323,190,26,1,0,2,37,20,14,0
20091107-1718,45,92,678,278,167,0,0,9,37,40,26,7
20091114-1718,20,86,474,261,141,0,0,1,41,36,22,3
20091121-1718,0,60,278,80,-30,1,3,2,27,24,7,0
20091128-1718,21,69,416,216,129,0,1,5,26,32,16,3
20090904-1719,37,75,630,211,201,2,1,3,20,43,19,7
20090912-1719,44,96,605,338,151,1,1,4,36,44,22,7
20090919-1719,0,87,448,153,116,2,1,11,37,36,16,0
20090926-1719,56,79,573,278,238,0,1,6,19,44,21,8
20091003-1719,27,93,563,251,134,1,1,6,32,45,22,5
20091014-1719,21,69,384,207,88,0,0,7,28,26,12,3
20091021-1719,24,83,567,224,204,2,1,3,25,45,21,4
20091031-1719,13,79,446,216,106,0,0,6,32,32,13,2
20091107-1719,45,81,709,334,200,0,2,1,26,42,27,7
20091115-1719,17,90,522,236,30,0,2,4,46,31,20,3
20091121-1719,34,103,751,396,193,0,2,5,46,46,33,5
20091127-1719,33,100,543,268,148,1,1,2,42,46,22,7
20090905-1721,72,93,632,102,474,0,0,7,7,68,24,11
20090912-1721,13,92,476,125,261,0,1,2,17,66,24,3
20090919-1721,37,93,569,73,298,3,1,6,7,72,23,7
20090926-1721,26,85,449,51,243,4,0,9,7,58,12,6
20091003-1721,13,79,366,57,183,1,1,5,14,53,14,3
20091010-1721,17,75,407,58,229,1,0,3,18,45,14,3
20091017-1721,10,89,330,2,267,1,0,13,5,69,17,2
20091024-1721,16,98,407,64,254,0,1,3,10,75,20,4
20091031-1721,34,80,453,111,271,1,1,3,12,59,25,6
20091107-1721,35,72,434,131,160,0,0,2,7,51,13,5
20091114-1721,45,95,594,126,431,1,1,4,13,71,30,7
20091121-1721,21,87,464,88,212,2,2,2,22,56,18,3
20091231-1721,47,100,781,161,402,6,1,5,14,72,27,8
20090905-1725,27,71,427,8,300,2,1,11,5,49,11,4
20090912-1725,19,95,489,119,266,0,2,5,24,57,20,4
20090919-1725,24,79,352,58,207,4,1,5,8,57,17,4
20090926-1725,10,87,416,130,186,0,0,3,26,48,19,2
20091003-1725,16,72,369,26,196,0,0,5,5,56,11,4
20091010-1725,16,86,406,47,222,2,1,4,16,57,16,4
20091017-1725,13,72,335,75,181,1,1,14,8,48,15,3
20091023-1725,10,59,346,16,197,0,3,1,9,40,11,2
20091107-1725,7,71,269,44,192,0,0,3,10,48,10,1
20091114-1725,22,69,411,174,186,0,4,3,14,47,22,5
20091121-1725,17,76,380,87,200,3,0,6,15,46,13,3
20091212-1725,3,73,329,77,110,1,1,5,21,40,10,1
20090905-1726,27,66,471,156,186,1,2,2,13,44,19,4
20090912-1726,32,88,442,103,290,1,0,2,8,69,23,5
20090919-1726,14,78,289,89,129,0,0,5,22,46,17,2
20090926-1726,38,78,526,100,373,2,1,2,5,64,26,6
20091003-1726,16,71,307,36,173,1,1,3,4,56,10,4
20091010-1726,63,98,631,66,471,2,0,6,3,80,31,9
20091017-1726,38,84,489,68,331,0,1,6,9,60,18,6
20091024-1726,13,74,380,0,338,0,1,4,0,64,16,3
20091031-1726,24,81,327,27,227,2,0,2,7,62,14,4
20091107-1726,23,73,455,56,348,1,0,7,3,57,20,3
20091114-1726,35,66,440,78,242,0,1,2,6,51,16,5
20091128-1726,17,67,429,88,248,0,0,1,9,48,16,3
20091212-1726,17,72,313,61,186,1,1,4,7,52,13,3
20091231-1726,35,90,671,130,385,2,2,2,14,67,28,5
20090903-1731,17,74,409,121,221,1,0,5,26,34,13,3
20090919-1731,30,111,667,334,187,0,2,9,48,46,31,5
20090926-1731,53,84,708,345,259,2,3,8,22,44,25,8
20091002-1731,17,79,423,213,109,2,1,6,30,37,20,3
20091010-1731,17,92,531,171,258,1,1,12,26,45,18,3
20091017-1731,32,92,524,353,74,1,1,6,42,34,21,5
20091024-1731,23,87,472,188,157,1,0,5,32,37,15,5
20091031-1731,27,97,658,240,263,1,0,6,31,50,25,5
20091107-1731,36,91,679,344,102,2,0,6,38,39,23,5
20091114-1731,24,85,499,50,381,0,1,9,19,52,19,4
20091120-1731,21,81,496,226,137,0,1,4,31,39,22,3
20091128-1731,52,90,784,376,163,1,1,13,31,39,23,8
20090903-1732,35,92,655,286,233,1,2,5,30,50,27,5
20090912-1732,24,87,606,248,251,1,2,11,32,40,23,4
20090919-1732,24,94,498,178,119,1,0,10,42,33,15,4
20090926-1732,30,82,463,202,214,1,0,9,22,42,19,6
20091010-1732,24,81,615,248,209,3,1,5,32,40,22,4
20091017-1732,35,71,572,174,153,2,2,10,24,31,14,5
20091024-1732,23,66,401,167,100,0,2,5,21,30,8,4
20091031-1732,22,80,435,211,152,1,0,7,28,38,19,5
20091107-1732,45,92,621,306,251,2,1,4,31,47,28,7
20091114-1732,28,80,476,219,65,1,1,14,32,27,11,4
20091121-1732,38,86,519,202,189,2,0,4,29,42,22,6
20091128-1732,23,95,443,201,97,0,0,12,45,30,17,6
20091223-1732,37,87,529,338,51,2,0,5,37,35,20,7
20090905-1736,45,111,658,187,433,1,1,3,25,70,33,7
20090912-1736,9,76,320,88,122,0,0,7,24,39,12,1
20090919-1736,3,75,307,124,33,0,1,3,32,29,10,1
20090926-1736,36,104,595,268,216,4,0,9,41,43,23,7
20091003-1736,7,81,444,69,171,3,0,12,27,38,14,1
20091010-1736,13,77,395,144,160,0,1,12,24,37,13,3
20091017-1736,10,82,390,174,122,1,0,4,34,36,16,2
20091024-1736,10,84,402,132,141,0,0,6,33,36,15,2
20091031-1736,31,67,600,179,218,0,3,8,24,29,15,5
20091107-1736,3,66,311,100,99,0,0,2,29,27,12,1
20091114-1736,13,71,248,127,82,2,0,3,24,34,11,3
20091121-1736,16,80,438,174,123,1,0,6,35,33,20,4
20090905-1742,24,67,417,91,64,1,2,6,20,31,11,4
20090912-1742,52,87,707,161,444,0,0,7,19,53,26,8
20090919-1742,16,79,401,192,86,2,0,7,27,37,11,3
20090926-1742,31,79,448,98,272,1,1,6,9,55,17,5
20091003-1742,34,76,546,327,150,0,1,12,22,39,21,6
20091010-1742,48,80,461,206,235,2,1,6,12,51,17,8
20091017-1742,23,56,481,159,175,1,0,4,14,31,13,4
20091029-1742,17,66,373,161,95,1,2,5,23,33,11,3
20091105-1742,16,89,451,137,242,1,1,5,30,45,22,4
20091114-1742,36,86,646,268,216,0,1,5,23,49,20,7
20091121-1742,38,85,500,197,200,1,1,2,18,56,24,6
20091128-1742,42,72,591,185,298,0,0,5,15,45,20,6
20091231-1742,37,78,546,209,229,1,0,5,17,48,19,7
20090905-1746,14,86,331,137,131,1,4,8,33,39,12,2
20090912-1746,14,62,342,120,57,0,0,3,18,33,7,2
20090919-1746,34,105,524,312,78,1,1,6,47,43,25,6
20091003-1746,16,87,313,148,106,2,0,7,27,43,16,4
20091010-1746,47,92,650,305,231,1,0,7,31,45,29,8
20091017-1746,20,81,349,138,63,2,1,7,26,38,9,4
20091024-1746,9,55,293,168,30,0,1,4,32,12,11,3
20091031-1746,17,78,374,107,89,1,1,5,38,28,14,3
20091107-1746,17,68,340,75,74,1,0,4,29,24,10,3
20091114-1746,10,83,448,221,77,2,0,8,41,28,21,2
20091121-1746,21,70,398,195,78,0,2,4,19,40,17,3
20091128-1746,13,71,436,120,175,1,2,5,22,37,15,3
20090905-1749,21,73,336,143,126,0,1,5,31,34,19,3
20090912-1749,24,83,529,207,251,1,0,3,27,45,25,4
20090919-1749,35,81,470,294,132,0,0,2,24,45,19,5
20090926-1749,24,81,601,354,142,1,2,10,35,31,21,4
20091003-1749,30,94,669,361,30,2,1,9,45,35,25,6
20091010-1749,42,87,579,360,156,1,0,8,33,39,24,6
20091017-1749,3,85,327,97,81,0,0,6,26,44,13,1
20091024-1749,10,72,381,173,135,0,0,7,25,35,18,2
20091031-1749,27,102,627,408,147,1,3,8,53,33,33,5
20091107-1749,27,80,415,263,28,1,0,4,40,25,17,5
20091114-1749,28,79,542,227,227,1,0,3,40,29,27,4
20091128-1749,45,86,669,372,127,1,0,5,38,34,26,7
20090905-1754,13,77,471,247,102,0,0,4,30,34,17,3
20090912-1754,20,89,575,227,176,0,4,7,38,39,22,4
20090919-1754,30,86,459,239,37,4,1,4,53,17,17,5
20090926-1754,6,91,316,144,85,0,2,8,31,46,18,1
20091003-1754,6,61,259,51,107,0,1,6,15,32,4,1
20091010-1754,14,83,330,235,-54,3,2,10,34,32,10,2
20091024-1754,17,89,592,385,55,1,0,13,43,28,20,3
20091031-1754,14,63,343,104,102,0,0,6,23,26,12,2
20091107-1754,7,56,243,126,59,0,2,8,21,21,8,1
20091114-1754,7,58,298,108,73,0,1,5,20,27,7,1
20091121-1754,10,70,297,133,59,1,1,6,32,24,13,2
20091128-1754,0,69,265,116,47,1,1,3,32,28,11,0
20090905-1756,23,98,592,321,157,0,1,11,45,38,25,5
20090912-1756,42,69,555,253,121,1,1,4,25,33,20,6
20090919-1756,16,85,394,237,56,1,0,10,35,33,20,4
20090926-1756,14,66,457,191,99,0,1,2,31,28,16,2
20091003-1756,30,96,631,281,176,1,1,13,40,39,25,6
20091010-1756,36,59,436,140,116,2,0,4,23,24,14,5
20091017-1756,17,81,442,279,99,0,1,12,38,27,20,3
20091024-1756,19,92,512,266,129,0,1,5,45,34,23,4
20091107-1756,23,78,515,235,152,2,0,4,40,25,21,5
20091114-1756,21,68,420,153,121,0,1,9,23,30,12,3
20091128-1756,30,81,501,196,265,1,1,7,28,40,23,6
20091205-1756,42,76,568,286,177,0,0,2,24,39,25,6
20090905-1768,33,73,542,243,195,1,0,7,26,34,22,7
20090912-1768,35,83,641,334,175,1,3,11,31,37,25,5
20090919-1768,30,90,686,302,207,1,1,4,41,39,23,5
20091001-1768,35,73,514,148,257,3,4,5,19,42,19,5
20091010-1768,34,87,565,258,127,1,1,4,34,40,19,5
20091017-1768,24,67,411,166,147,2,2,5,23,31,13,4
20091024-1768,28,81,577,153,234,3,1,4,27,40,17,4
20091030-1768,19,78,467,205,118,0,0,4,32,35,20,3
20091107-1768,17,70,347,100,173,0,1,5,18,39,14,3
20091113-1768,21,83,442,188,202,1,0,4,25,46,22,3
20091127-1768,19,89,473,164,205,2,0,6,32,43,18,5
20091205-1768,24,81,443,116,162,2,2,4,20,45,13,4
20100101-1768,21,65,474,107,221,0,0,3,19,37,18,3
20090905-1772,7,61,276,49,34,2,2,9,16,30,6,1
20090912-1772,13,77,462,84,200,1,0,13,26,37,16,3
20090919-1772,7,86,361,141,146,1,2,5,36,40,20,1
20090926-1772,22,74,592,276,158,0,1,10,29,33,22,3
20091010-1772,20,84,514,118,263,0,1,9,26,43,20,3
20091017-1772,22,60,453,141,167,0,1,2,17,33,15,3
20091024-1772,24,78,533,150,100,0,3,5,23,40,16,4
20091031-1772,49,69,698,144,281,0,1,7,20,38,21,7
20091107-1772,20,90,608,196,226,0,1,10,35,39,22,4
20091114-1772,18,88,488,188,195,2,0,5,36,37,21,5
20091128-1772,23,69,501,167,201,0,2,4,30,29,19,5
20091203-1772,20,77,318,121,114,0,2,6,19,45,16,4
20090905-1774,7,73,421,263,38,1,1,3,39,24,15,1
20090912-1774,19,85,459,266,22,0,3,6,43,29,21,3
20090919-1774,48,95,514,218,152,1,1,6,35,45,23,7
20090926-1774,24,85,531,338,133,0,2,5,43,32,26,4
20091003-1774,3,68,323,178,73,0,1,1,37,23,15,1
20091010-1774,58,71,650,282,252,0,1,4,27,31,25,9
20091017-1774,23,108,613,410,87,0,0,10,66,26,27,5
20091024-1774,34,104,679,350,155,2,2,4,55,33,27,6
20091031-1774,14,83,411,255,38,2,0,4,49,23,17,2
20091107-1774,14,71,388,117,94,0,1,7,39,16,11,2
20091114-1774,35,80,502,275,164,3,1,3,33,36,23,5
20091124-1774,17,100,579,354,109,1,1,5,62,27,24,3
20090905-1796,28,75,500,281,152,0,1,6,25,38,21,4
20090912-1796,34,84,533,225,188,3,0,7,28,39,19,6
20090919-1796,44,76,530,172,258,1,3,6,21,42,21,7
20090926-1796,38,95,522,243,193,3,1,5,31,50,22,6
20091003-1796,31,86,521,159,295,1,2,5,26,49,22,5
20091010-1796,13,102,479,250,118,1,0,7,45,44,22,3
20091017-1796,10,68,342,143,87,0,0,2,25,33,14,2
20091031-1796,37,87,417,115,266,1,0,3,19,53,20,7
20091107-1796,31,84,555,194,294,2,1,5,20,52,24,5
20091114-1796,45,87,544,240,229,1,1,4,24,52,28,7
20091121-1796,31,78,537,235,99,0,1,5,30,35,18,5
20091205-1796,51,88,664,253,301,2,0,8,20,52,26,8
20091229-1796,20,81,474,260,170,0,2,6,26,42,17,4
20090905-1811,29,95,479,188,246,5,1,5,32,48,23,6
20090912-1811,10,101,337,188,85,1,1,6,50,34,18,2
20090919-1811,0,87,314,154,76,0,1,8,36,35,13,0
20090926-1811,30,86,453,248,109,2,0,6,39,32,19,6
20091003-1811,30,103,489,223,198,0,1,12,38,46,26,5
20091010-1811,37,85,521,232,179,2,0,5,31,43,22,5
20091017-1811,0,80,231,74,100,0,0,10,31,35,16,0
20091031-1811,10,68,207,151,51,0,0,7,31,25,12,2
20091107-1811,0,69,332,113,112,0,1,5,27,32,13,0
20091114-1811,30,82,621,246,200,0,1,6,22,47,20,6
20091121-1811,10,69,441,94,84,1,1,5,19,36,5,2
20091127-1811,17,65,395,137,96,1,0,4,21,33,14,3
20091219-1811,35,96,500,204,234,0,0,3,33,50,26,6
20090905-1027,24,87,435,144,102,2,0,6,25,48,18,4
20090903-1149,0,78,235,107,78,2,1,4,26,40,13,0
20091031-1149,3,75,342,27,143,2,0,5,17,46,12,1
20091010-1253,12,77,329,75,95,1,2,3,32,33,11,2
20090905-1400,17,78,309,102,110,1,0,9,34,26,13,3
20090919-1670,21,79,390,219,30,1,1,9,39,24,15,3
